  z1 NGC: 37 puntos  Hartlap=0.9814
  z1 NGC: 37 puntos  Hartlap=0.9814
  z1 NGC: 37 puntos  Hartlap=0.9814
  z1 NGC: 37 puntos  Hartlap=0.9814
  z1 SGC: 37 puntos  Hartlap=0.9814
  z2 NGC: 37 puntos  Hartlap=0.9814
  z1 SGC: 37 puntos  Hartlap=0.9814
  z1 SGC: 37 puntos  Hartlap=0.9814
  z1 SGC: 37 puntos  Hartlap=0.9814
  z2 SGC: 37 puntos  Hartlap=0.9814
  z2 NGC: 37 puntos  Hartlap=0.9814
  z2 NGC: 37 puntos  Hartlap=0.9814
  z2 NGC: 37 puntos  Hartlap=0.9814
  z3 NGC: 37 puntos  Hartlap=0.9814
  z3 SGC: 37 puntos  Hartlap=0.9814
  R1/R2 BOSS LPT — SSEE  k_max=0.2
  6 conjuntos, 222 puntos, 37 libres
  INGREDIENTES SSEE: Om=0.30888084061409116  h=0.6796214152203791  mnu=0.06849  ns=0.9655581462513669  ombh2=0.02241775678109985  w0=-0.839949771344779  wa=-0.6699748856723895
  ingredientes verificados contra su fuente: OK
/home/mike/Proyectos/SSEE/.venv/lib/python3.12/site-packages/mcfit/mcfit.py:130: UserWarning: use backend='jax' if desired
  warnings.warn("use backend='jax' if desired")
  z2 SGC: 37 puntos  Hartlap=0.9814
  z2 SGC: 37 puntos  Hartlap=0.9814
  z2 SGC: 37 puntos  Hartlap=0.9814
  z3 NGC: 37 puntos  Hartlap=0.9814
  z3 NGC: 37 puntos  Hartlap=0.9814
  z3 NGC: 37 puntos  Hartlap=0.9814
  z3 SGC: 37 puntos  Hartlap=0.9814
  R1/R2 BOSS LPT — SSEE  k_max=0.2
  6 conjuntos, 222 puntos, 37 libres
  INGREDIENTES SSEE: Om=0.30888084061409116  h=0.6796214152203791  mnu=0.06849  ns=0.9655581462513669  ombh2=0.02241775678109985  w0=-0.839949771344779  wa=-0.6699748856723895
  ingredientes verificados contra su fuente: OK
/home/mike/Proyectos/SSEE/.venv/lib/python3.12/site-packages/mcfit/mcfit.py:130: UserWarning: use backend='jax' if desired
  warnings.warn("use backend='jax' if desired")
  z3 SGC: 37 puntos  Hartlap=0.9814
  R1/R2 BOSS LPT — SSEE  k_max=0.2
  6 conjuntos, 222 puntos, 37 libres
  INGREDIENTES SSEE: Om=0.30888084061409116  h=0.6796214152203791  mnu=0.06849  ns=0.9655581462513669  ombh2=0.02241775678109985  w0=-0.839949771344779  wa=-0.6699748856723895
  ingredientes verificados contra su fuente: OK
/home/mike/Proyectos/SSEE/.venv/lib/python3.12/site-packages/mcfit/mcfit.py:130: UserWarning: use backend='jax' if desired
  warnings.warn("use backend='jax' if desired")
  z3 SGC: 37 puntos  Hartlap=0.9814
  R1/R2 BOSS LPT — SSEE  k_max=0.2
  6 conjuntos, 222 puntos, 37 libres
  INGREDIENTES SSEE: Om=0.30888084061409116  h=0.6796214152203791  mnu=0.06849  ns=0.9655581462513669  ombh2=0.02241775678109985  w0=-0.839949771344779  wa=-0.6699748856723895
  ingredientes verificados contra su fuente: OK
/home/mike/Proyectos/SSEE/.venv/lib/python3.12/site-packages/mcfit/mcfit.py:130: UserWarning: use backend='jax' if desired
  warnings.warn("use backend='jax' if desired")
[0 : output] Output to be read-from/written-into folder '/mnt/datos/SSEE_data/chains_p6/boss', with prefix 'ssee'
[1 : p06_growth.cobaya_boss.loglike_ssee] Initialized external likelihood.
[0 : p06_growth.cobaya_boss.loglike_ssee] Initialized external likelihood.
[2 : p06_growth.cobaya_boss.loglike_ssee] Initialized external likelihood.
[3 : p06_growth.cobaya_boss.loglike_ssee] Initialized external likelihood.
[1 : mcmc] Getting initial point... (this may take a few seconds)
[0 : mcmc] Getting initial point... (this may take a few seconds)
[2 : mcmc] Getting initial point... (this may take a few seconds)
[3 : mcmc] Getting initial point... (this may take a few seconds)
/home/mike/Proyectos/SSEE/.venv/lib/python3.12/site-packages/mcfit/mcfit.py:130: UserWarning: use backend='jax' if desired
  warnings.warn("use backend='jax' if desired")
/home/mike/Proyectos/SSEE/.venv/lib/python3.12/site-packages/mcfit/mcfit.py:130: UserWarning: use backend='jax' if desired
  warnings.warn("use backend='jax' if desired")
/home/mike/Proyectos/SSEE/.venv/lib/python3.12/site-packages/mcfit/mcfit.py:130: UserWarning: use backend='jax' if desired
  warnings.warn("use backend='jax' if desired")
/home/mike/Proyectos/SSEE/.venv/lib/python3.12/site-packages/mcfit/mcfit.py:130: UserWarning: use backend='jax' if desired
  warnings.warn("use backend='jax' if desired")
[1 : mcmc] Initial point: logA:2.9, b1_z1NGC:0.9888958, b2_z1NGC:0.8449904, bs_z1NGC:-0.949893, b1_z1SGC:0.9341699, b2_z1SGC:-0.3443799, bs_z1SGC:1.766658, b1_z2NGC:0.9003102, b2_z2NGC:-0.7596847, bs_z2NGC:-1.685006, b1_z2SGC:0.9568843, b2_z2SGC:-0.7649463, bs_z2SGC:2.708054, b1_z3NGC:0.8702483, b2_z3NGC:-2.006691, bs_z3NGC:-2.076568, b1_z3SGC:1.099292, b2_z3SGC:-0.373757, bs_z3SGC:1.418846
[0 : mcmc] Initial point: logA:2.9, b1_z1NGC:0.9888958, b2_z1NGC:0.8449904, bs_z1NGC:-0.949893, b1_z1SGC:0.9341699, b2_z1SGC:-0.3443799, bs_z1SGC:1.766658, b1_z2NGC:0.9003102, b2_z2NGC:-0.7596847, bs_z2NGC:-1.685006, b1_z2SGC:0.9568843, b2_z2SGC:-0.7649463, bs_z2SGC:2.708054, b1_z3NGC:0.8702483, b2_z3NGC:-2.006691, bs_z3NGC:-2.076568, b1_z3SGC:1.099292, b2_z3SGC:-0.373757, bs_z3SGC:1.418846
[2 : mcmc] Initial point: logA:2.9, b1_z1NGC:0.9888958, b2_z1NGC:0.8449904, bs_z1NGC:-0.949893, b1_z1SGC:0.9341699, b2_z1SGC:-0.3443799, bs_z1SGC:1.766658, b1_z2NGC:0.9003102, b2_z2NGC:-0.7596847, bs_z2NGC:-1.685006, b1_z2SGC:0.9568843, b2_z2SGC:-0.7649463, bs_z2SGC:2.708054, b1_z3NGC:0.8702483, b2_z3NGC:-2.006691, bs_z3NGC:-2.076568, b1_z3SGC:1.099292, b2_z3SGC:-0.373757, bs_z3SGC:1.418846
[3 : mcmc] Initial point: logA:2.9, b1_z1NGC:0.9888958, b2_z1NGC:0.8449904, bs_z1NGC:-0.949893, b1_z1SGC:0.9341699, b2_z1SGC:-0.3443799, bs_z1SGC:1.766658, b1_z2NGC:0.9003102, b2_z2NGC:-0.7596847, bs_z2NGC:-1.685006, b1_z2SGC:0.9568843, b2_z2SGC:-0.7649463, bs_z2SGC:2.708054, b1_z3NGC:0.8702483, b2_z3NGC:-2.006691, bs_z3NGC:-2.076568, b1_z3SGC:1.099292, b2_z3SGC:-0.373757, bs_z3SGC:1.418846
[0 : model] Measuring speeds... (this may take a few seconds)
[0 : model] Setting measured speeds (per sec): {p06_growth.cobaya_boss.loglike_ssee: 36.5}
[0 : mcmc] Covariance matrix not present. We will start learning the covariance of the proposal earlier: R-1 = 30 (would be 2 if all params loaded).
[0 : mcmc] Sampling!
/home/mike/Proyectos/SSEE/.venv/lib/python3.12/site-packages/mcfit/mcfit.py:130: UserWarning: use backend='jax' if desired
  warnings.warn("use backend='jax' if desired")
/home/mike/Proyectos/SSEE/.venv/lib/python3.12/site-packages/mcfit/mcfit.py:130: UserWarning: use backend='jax' if desired
  warnings.warn("use backend='jax' if desired")
/home/mike/Proyectos/SSEE/.venv/lib/python3.12/site-packages/mcfit/mcfit.py:130: UserWarning: use backend='jax' if desired
  warnings.warn("use backend='jax' if desired")
/home/mike/Proyectos/SSEE/.venv/lib/python3.12/site-packages/mcfit/mcfit.py:130: UserWarning: use backend='jax' if desired
  warnings.warn("use backend='jax' if desired")
[1 : mcmc] Progress @ 2026-10-01 09:38:43 : 1 steps taken, and 0 accepted.
[2 : mcmc] Progress @ 2026-10-01 09:38:43 : 1 steps taken, and 0 accepted.
[3 : mcmc] Progress @ 2026-10-01 09:38:43 : 1 steps taken, and 0 accepted.
[0 : mcmc] Progress @ 2026-10-01 09:38:43 : 1 steps taken, and 0 accepted.
/home/mike/Proyectos/SSEE/.venv/lib/python3.12/site-packages/mcfit/mcfit.py:130: UserWarning: use backend='jax' if desired
  warnings.warn("use backend='jax' if desired")
/home/mike/Proyectos/SSEE/.venv/lib/python3.12/site-packages/mcfit/mcfit.py:130: UserWarning: use backend='jax' if desired
  warnings.warn("use backend='jax' if desired")
/home/mike/Proyectos/SSEE/.venv/lib/python3.12/site-packages/mcfit/mcfit.py:130: UserWarning: use backend='jax' if desired
  warnings.warn("use backend='jax' if desired")
/home/mike/Proyectos/SSEE/.venv/lib/python3.12/site-packages/mcfit/mcfit.py:130: UserWarning: use backend='jax' if desired
  warnings.warn("use backend='jax' if desired")
/home/mike/Proyectos/SSEE/.venv/lib/python3.12/site-packages/mcfit/mcfit.py:130: UserWarning: use backend='jax' if desired
  warnings.warn("use backend='jax' if desired")
/home/mike/Proyectos/SSEE/.venv/lib/python3.12/site-packages/mcfit/mcfit.py:130: UserWarning: use backend='jax' if desired
  warnings.warn("use backend='jax' if desired")
/home/mike/Proyectos/SSEE/.venv/lib/python3.12/site-packages/mcfit/mcfit.py:130: UserWarning: use backend='jax' if desired
  warnings.warn("use backend='jax' if desired")
/home/mike/Proyectos/SSEE/.venv/lib/python3.12/site-packages/mcfit/mcfit.py:130: UserWarning: use backend='jax' if desired
  warnings.warn("use backend='jax' if desired")
/home/mike/Proyectos/SSEE/.venv/lib/python3.12/site-packages/mcfit/mcfit.py:130: UserWarning: use backend='jax' if desired
  warnings.warn("use backend='jax' if desired")
[1 : mcmc] Learn + convergence test @ 760 samples accepted.
[1 : mcmc] Ready to check convergence and learn a new proposal covmat (waiting for the rest...)
/home/mike/Proyectos/SSEE/.venv/lib/python3.12/site-packages/mcfit/mcfit.py:130: UserWarning: use backend='jax' if desired
  warnings.warn("use backend='jax' if desired")
/home/mike/Proyectos/SSEE/.venv/lib/python3.12/site-packages/mcfit/mcfit.py:130: UserWarning: use backend='jax' if desired
  warnings.warn("use backend='jax' if desired")
/home/mike/Proyectos/SSEE/.venv/lib/python3.12/site-packages/mcfit/mcfit.py:130: UserWarning: use backend='jax' if desired
  warnings.warn("use backend='jax' if desired")
/home/mike/Proyectos/SSEE/.venv/lib/python3.12/site-packages/mcfit/mcfit.py:130: UserWarning: use backend='jax' if desired
  warnings.warn("use backend='jax' if desired")
/home/mike/Proyectos/SSEE/.venv/lib/python3.12/site-packages/mcfit/mcfit.py:130: UserWarning: use backend='jax' if desired
  warnings.warn("use backend='jax' if desired")
[2 : mcmc] Learn + convergence test @ 760 samples accepted.
[2 : mcmc] Ready to check convergence and learn a new proposal covmat (waiting for the rest...)
[0 : mcmc] Learn + convergence test @ 760 samples accepted.
[0 : mcmc] Ready to check convergence and learn a new proposal covmat (waiting for the rest...)
/home/mike/Proyectos/SSEE/.venv/lib/python3.12/site-packages/mcfit/mcfit.py:130: UserWarning: use backend='jax' if desired
  warnings.warn("use backend='jax' if desired")
/home/mike/Proyectos/SSEE/.venv/lib/python3.12/site-packages/mcfit/mcfit.py:130: UserWarning: use backend='jax' if desired
  warnings.warn("use backend='jax' if desired")
[3 : mcmc] Learn + convergence test @ 760 samples accepted.
[3 : mcmc] Ready to check convergence and learn a new proposal covmat (waiting for the rest...)
[0 : mcmc] All chains are ready to check convergence and learn a new proposal covmat
[0 : mcmc]  - Acceptance rate: 0.506 = avg([0.4869, 0.5372, 0.5018, 0.4866])
[0 : mcmc]  - Convergence of means: R-1 = 32.000925 after 3563 accepted steps = sum([818, 1126, 859, 760])
[0 : mcmc] Convergence less than requested for updates: waiting until the next convergence check.
/home/mike/Proyectos/SSEE/.venv/lib/python3.12/site-packages/mcfit/mcfit.py:130: UserWarning: use backend='jax' if desired
  warnings.warn("use backend='jax' if desired")
/home/mike/Proyectos/SSEE/.venv/lib/python3.12/site-packages/mcfit/mcfit.py:130: UserWarning: use backend='jax' if desired
  warnings.warn("use backend='jax' if desired")
/home/mike/Proyectos/SSEE/.venv/lib/python3.12/site-packages/mcfit/mcfit.py:130: UserWarning: use backend='jax' if desired
  warnings.warn("use backend='jax' if desired")
/home/mike/Proyectos/SSEE/.venv/lib/python3.12/site-packages/mcfit/mcfit.py:130: UserWarning: use backend='jax' if desired
  warnings.warn("use backend='jax' if desired")
/home/mike/Proyectos/SSEE/.venv/lib/python3.12/site-packages/mcfit/mcfit.py:130: UserWarning: use backend='jax' if desired
  warnings.warn("use backend='jax' if desired")
/home/mike/Proyectos/SSEE/.venv/lib/python3.12/site-packages/mcfit/mcfit.py:130: UserWarning: use backend='jax' if desired
  warnings.warn("use backend='jax' if desired")
/home/mike/Proyectos/SSEE/.venv/lib/python3.12/site-packages/mcfit/mcfit.py:130: UserWarning: use backend='jax' if desired
  warnings.warn("use backend='jax' if desired")
/home/mike/Proyectos/SSEE/.venv/lib/python3.12/site-packages/mcfit/mcfit.py:130: UserWarning: use backend='jax' if desired
  warnings.warn("use backend='jax' if desired")
[3 : mcmc] Progress @ 2026-10-01 09:39:43 : 2153 steps taken, and 998 accepted.
/home/mike/Proyectos/SSEE/.venv/lib/python3.12/site-packages/mcfit/mcfit.py:130: UserWarning: use backend='jax' if desired
  warnings.warn("use backend='jax' if desired")
[1 : mcmc] Progress @ 2026-10-01 09:39:43 : 2714 steps taken, and 1360 accepted.
/home/mike/Proyectos/SSEE/.venv/lib/python3.12/site-packages/mcfit/mcfit.py:130: UserWarning: use backend='jax' if desired
  warnings.warn("use backend='jax' if desired")
[0 : mcmc] Progress @ 2026-10-01 09:39:43 : 2206 steps taken, and 1063 accepted.
/home/mike/Proyectos/SSEE/.venv/lib/python3.12/site-packages/mcfit/mcfit.py:130: UserWarning: use backend='jax' if desired
  warnings.warn("use backend='jax' if desired")
[2 : mcmc] Progress @ 2026-10-01 09:39:43 : 2195 steps taken, and 1095 accepted.
/home/mike/Proyectos/SSEE/.venv/lib/python3.12/site-packages/mcfit/mcfit.py:130: UserWarning: use backend='jax' if desired
  warnings.warn("use backend='jax' if desired")
[1 : mcmc] Learn + convergence test @ 1520 samples accepted.
[1 : mcmc] Ready to check convergence and learn a new proposal covmat (waiting for the rest...)
/home/mike/Proyectos/SSEE/.venv/lib/python3.12/site-packages/mcfit/mcfit.py:130: UserWarning: use backend='jax' if desired
  warnings.warn("use backend='jax' if desired")
/home/mike/Proyectos/SSEE/.venv/lib/python3.12/site-packages/mcfit/mcfit.py:130: UserWarning: use backend='jax' if desired
  warnings.warn("use backend='jax' if desired")
/home/mike/Proyectos/SSEE/.venv/lib/python3.12/site-packages/mcfit/mcfit.py:130: UserWarning: use backend='jax' if desired
  warnings.warn("use backend='jax' if desired")
/home/mike/Proyectos/SSEE/.venv/lib/python3.12/site-packages/mcfit/mcfit.py:130: UserWarning: use backend='jax' if desired
  warnings.warn("use backend='jax' if desired")
/home/mike/Proyectos/SSEE/.venv/lib/python3.12/site-packages/mcfit/mcfit.py:130: UserWarning: use backend='jax' if desired
  warnings.warn("use backend='jax' if desired")
/home/mike/Proyectos/SSEE/.venv/lib/python3.12/site-packages/mcfit/mcfit.py:130: UserWarning: use backend='jax' if desired
  warnings.warn("use backend='jax' if desired")
/home/mike/Proyectos/SSEE/.venv/lib/python3.12/site-packages/mcfit/mcfit.py:130: UserWarning: use backend='jax' if desired
  warnings.warn("use backend='jax' if desired")
/home/mike/Proyectos/SSEE/.venv/lib/python3.12/site-packages/mcfit/mcfit.py:130: UserWarning: use backend='jax' if desired
  warnings.warn("use backend='jax' if desired")
[2 : mcmc] Learn + convergence test @ 1520 samples accepted.
[2 : mcmc] Ready to check convergence and learn a new proposal covmat (waiting for the rest...)
[0 : mcmc] Learn + convergence test @ 1520 samples accepted.
[0 : mcmc] Ready to check convergence and learn a new proposal covmat (waiting for the rest...)
[3 : mcmc] Learn + convergence test @ 1520 samples accepted.
[3 : mcmc] Ready to check convergence and learn a new proposal covmat (waiting for the rest...)
[0 : mcmc] All chains are ready to check convergence and learn a new proposal covmat
[0 : mcmc]  - Acceptance rate: 0.490 = avg([0.4911, 0.4873, 0.4879, 0.4964])
[0 : mcmc]  - Convergence of means: R-1 = 13.290042 after 6622 accepted steps = sum([1604, 1884, 1614, 1520])
[0 : mcmc]  - Updated covariance matrix of proposal pdf.
/home/mike/Proyectos/SSEE/.venv/lib/python3.12/site-packages/mcfit/mcfit.py:130: UserWarning: use backend='jax' if desired
  warnings.warn("use backend='jax' if desired")
/home/mike/Proyectos/SSEE/.venv/lib/python3.12/site-packages/mcfit/mcfit.py:130: UserWarning: use backend='jax' if desired
  warnings.warn("use backend='jax' if desired")
/home/mike/Proyectos/SSEE/.venv/lib/python3.12/site-packages/mcfit/mcfit.py:130: UserWarning: use backend='jax' if desired
  warnings.warn("use backend='jax' if desired")
/home/mike/Proyectos/SSEE/.venv/lib/python3.12/site-packages/mcfit/mcfit.py:130: UserWarning: use backend='jax' if desired
  warnings.warn("use backend='jax' if desired")
/home/mike/Proyectos/SSEE/.venv/lib/python3.12/site-packages/mcfit/mcfit.py:130: UserWarning: use backend='jax' if desired
  warnings.warn("use backend='jax' if desired")
/home/mike/Proyectos/SSEE/.venv/lib/python3.12/site-packages/mcfit/mcfit.py:130: UserWarning: use backend='jax' if desired
  warnings.warn("use backend='jax' if desired")
/home/mike/Proyectos/SSEE/.venv/lib/python3.12/site-packages/mcfit/mcfit.py:130: UserWarning: use backend='jax' if desired
  warnings.warn("use backend='jax' if desired")
/home/mike/Proyectos/SSEE/.venv/lib/python3.12/site-packages/mcfit/mcfit.py:130: UserWarning: use backend='jax' if desired
  warnings.warn("use backend='jax' if desired")
[1 : mcmc] Progress @ 2026-10-01 09:40:43 : 4965 steps taken, and 2117 accepted.
/home/mike/Proyectos/SSEE/.venv/lib/python3.12/site-packages/mcfit/mcfit.py:130: UserWarning: use backend='jax' if desired
  warnings.warn("use backend='jax' if desired")
[3 : mcmc] Progress @ 2026-10-01 09:40:43 : 4312 steps taken, and 1721 accepted.
/home/mike/Proyectos/SSEE/.venv/lib/python3.12/site-packages/mcfit/mcfit.py:130: UserWarning: use backend='jax' if desired
  warnings.warn("use backend='jax' if desired")
[2 : mcmc] Progress @ 2026-10-01 09:40:43 : 4405 steps taken, and 1821 accepted.
/home/mike/Proyectos/SSEE/.venv/lib/python3.12/site-packages/mcfit/mcfit.py:130: UserWarning: use backend='jax' if desired
  warnings.warn("use backend='jax' if desired")
[0 : mcmc] Progress @ 2026-10-01 09:40:43 : 4379 steps taken, and 1895 accepted.
/home/mike/Proyectos/SSEE/.venv/lib/python3.12/site-packages/mcfit/mcfit.py:130: UserWarning: use backend='jax' if desired
  warnings.warn("use backend='jax' if desired")
[1 : mcmc] Learn + convergence test @ 2280 samples accepted.
[1 : mcmc] Ready to check convergence and learn a new proposal covmat (waiting for the rest...)
/home/mike/Proyectos/SSEE/.venv/lib/python3.12/site-packages/mcfit/mcfit.py:130: UserWarning: use backend='jax' if desired
  warnings.warn("use backend='jax' if desired")
/home/mike/Proyectos/SSEE/.venv/lib/python3.12/site-packages/mcfit/mcfit.py:130: UserWarning: use backend='jax' if desired
  warnings.warn("use backend='jax' if desired")
/home/mike/Proyectos/SSEE/.venv/lib/python3.12/site-packages/mcfit/mcfit.py:130: UserWarning: use backend='jax' if desired
  warnings.warn("use backend='jax' if desired")
/home/mike/Proyectos/SSEE/.venv/lib/python3.12/site-packages/mcfit/mcfit.py:130: UserWarning: use backend='jax' if desired
  warnings.warn("use backend='jax' if desired")
/home/mike/Proyectos/SSEE/.venv/lib/python3.12/site-packages/mcfit/mcfit.py:130: UserWarning: use backend='jax' if desired
  warnings.warn("use backend='jax' if desired")
[0 : mcmc] Learn + convergence test @ 2280 samples accepted.
[0 : mcmc] Ready to check convergence and learn a new proposal covmat (waiting for the rest...)
/home/mike/Proyectos/SSEE/.venv/lib/python3.12/site-packages/mcfit/mcfit.py:130: UserWarning: use backend='jax' if desired
  warnings.warn("use backend='jax' if desired")
/home/mike/Proyectos/SSEE/.venv/lib/python3.12/site-packages/mcfit/mcfit.py:130: UserWarning: use backend='jax' if desired
  warnings.warn("use backend='jax' if desired")
/home/mike/Proyectos/SSEE/.venv/lib/python3.12/site-packages/mcfit/mcfit.py:130: UserWarning: use backend='jax' if desired
  warnings.warn("use backend='jax' if desired")
/home/mike/Proyectos/SSEE/.venv/lib/python3.12/site-packages/mcfit/mcfit.py:130: UserWarning: use backend='jax' if desired
  warnings.warn("use backend='jax' if desired")
[1 : mcmc] Progress @ 2026-10-01 09:41:43 : 7838 steps taken, and 2731 accepted.
/home/mike/Proyectos/SSEE/.venv/lib/python3.12/site-packages/mcfit/mcfit.py:130: UserWarning: use backend='jax' if desired
  warnings.warn("use backend='jax' if desired")
[0 : mcmc] Progress @ 2026-10-01 09:41:43 : 6761 steps taken, and 2411 accepted.
/home/mike/Proyectos/SSEE/.venv/lib/python3.12/site-packages/mcfit/mcfit.py:130: UserWarning: use backend='jax' if desired
  warnings.warn("use backend='jax' if desired")
[3 : mcmc] Progress @ 2026-10-01 09:41:43 : 6976 steps taken, and 2201 accepted.
/home/mike/Proyectos/SSEE/.venv/lib/python3.12/site-packages/mcfit/mcfit.py:130: UserWarning: use backend='jax' if desired
  warnings.warn("use backend='jax' if desired")
[2 : mcmc] Progress @ 2026-10-01 09:41:43 : 7025 steps taken, and 2252 accepted.
/home/mike/Proyectos/SSEE/.venv/lib/python3.12/site-packages/mcfit/mcfit.py:130: UserWarning: use backend='jax' if desired
  warnings.warn("use backend='jax' if desired")
[2 : mcmc] Learn + convergence test @ 2280 samples accepted.
[2 : mcmc] Ready to check convergence and learn a new proposal covmat (waiting for the rest...)
[3 : mcmc] Learn + convergence test @ 2280 samples accepted.
[3 : mcmc] Ready to check convergence and learn a new proposal covmat (waiting for the rest...)
[0 : mcmc] All chains are ready to check convergence and learn a new proposal covmat
[0 : mcmc]  - Acceptance rate: 0.247 = avg([0.2673, 0.2580, 0.2275, 0.2314])
[0 : mcmc]  - Convergence of means: R-1 = 9.015739 after 9950 accepted steps = sum([2493, 2822, 2355, 2280])
[0 : mcmc]  - Updated covariance matrix of proposal pdf.
/home/mike/Proyectos/SSEE/.venv/lib/python3.12/site-packages/mcfit/mcfit.py:130: UserWarning: use backend='jax' if desired
  warnings.warn("use backend='jax' if desired")
/home/mike/Proyectos/SSEE/.venv/lib/python3.12/site-packages/mcfit/mcfit.py:130: UserWarning: use backend='jax' if desired
  warnings.warn("use backend='jax' if desired")
/home/mike/Proyectos/SSEE/.venv/lib/python3.12/site-packages/mcfit/mcfit.py:130: UserWarning: use backend='jax' if desired
  warnings.warn("use backend='jax' if desired")
/home/mike/Proyectos/SSEE/.venv/lib/python3.12/site-packages/mcfit/mcfit.py:130: UserWarning: use backend='jax' if desired
  warnings.warn("use backend='jax' if desired")
/home/mike/Proyectos/SSEE/.venv/lib/python3.12/site-packages/mcfit/mcfit.py:130: UserWarning: use backend='jax' if desired
  warnings.warn("use backend='jax' if desired")
/home/mike/Proyectos/SSEE/.venv/lib/python3.12/site-packages/mcfit/mcfit.py:130: UserWarning: use backend='jax' if desired
  warnings.warn("use backend='jax' if desired")
/home/mike/Proyectos/SSEE/.venv/lib/python3.12/site-packages/mcfit/mcfit.py:130: UserWarning: use backend='jax' if desired
  warnings.warn("use backend='jax' if desired")
/home/mike/Proyectos/SSEE/.venv/lib/python3.12/site-packages/mcfit/mcfit.py:130: UserWarning: use backend='jax' if desired
  warnings.warn("use backend='jax' if desired")
[1 : mcmc] Learn + convergence test @ 3040 samples accepted.
[1 : mcmc] Ready to check convergence and learn a new proposal covmat (waiting for the rest...)
[1 : mcmc] Progress @ 2026-10-01 09:42:43 : 10072 steps taken, and 3139 accepted.
/home/mike/Proyectos/SSEE/.venv/lib/python3.12/site-packages/mcfit/mcfit.py:130: UserWarning: use backend='jax' if desired
  warnings.warn("use backend='jax' if desired")
[0 : mcmc] Progress @ 2026-10-01 09:42:43 : 8929 steps taken, and 2799 accepted.
/home/mike/Proyectos/SSEE/.venv/lib/python3.12/site-packages/mcfit/mcfit.py:130: UserWarning: use backend='jax' if desired
  warnings.warn("use backend='jax' if desired")
[3 : mcmc] Progress @ 2026-10-01 09:42:43 : 9414 steps taken, and 2672 accepted.
/home/mike/Proyectos/SSEE/.venv/lib/python3.12/site-packages/mcfit/mcfit.py:130: UserWarning: use backend='jax' if desired
  warnings.warn("use backend='jax' if desired")
[2 : mcmc] Progress @ 2026-10-01 09:42:43 : 9526 steps taken, and 2695 accepted.
/home/mike/Proyectos/SSEE/.venv/lib/python3.12/site-packages/mcfit/mcfit.py:130: UserWarning: use backend='jax' if desired
  warnings.warn("use backend='jax' if desired")
/home/mike/Proyectos/SSEE/.venv/lib/python3.12/site-packages/mcfit/mcfit.py:130: UserWarning: use backend='jax' if desired
  warnings.warn("use backend='jax' if desired")
/home/mike/Proyectos/SSEE/.venv/lib/python3.12/site-packages/mcfit/mcfit.py:130: UserWarning: use backend='jax' if desired
  warnings.warn("use backend='jax' if desired")
/home/mike/Proyectos/SSEE/.venv/lib/python3.12/site-packages/mcfit/mcfit.py:130: UserWarning: use backend='jax' if desired
  warnings.warn("use backend='jax' if desired")
/home/mike/Proyectos/SSEE/.venv/lib/python3.12/site-packages/mcfit/mcfit.py:130: UserWarning: use backend='jax' if desired
  warnings.warn("use backend='jax' if desired")
[0 : mcmc] Learn + convergence test @ 3040 samples accepted.
[0 : mcmc] Ready to check convergence and learn a new proposal covmat (waiting for the rest...)
[2 : mcmc] Learn + convergence test @ 3040 samples accepted.
[2 : mcmc] Ready to check convergence and learn a new proposal covmat (waiting for the rest...)
/home/mike/Proyectos/SSEE/.venv/lib/python3.12/site-packages/mcfit/mcfit.py:130: UserWarning: use backend='jax' if desired
  warnings.warn("use backend='jax' if desired")
[1 : mcmc] Progress @ 2026-10-01 09:43:43 : 12082 steps taken, and 3505 accepted.
/home/mike/Proyectos/SSEE/.venv/lib/python3.12/site-packages/mcfit/mcfit.py:130: UserWarning: use backend='jax' if desired
  warnings.warn("use backend='jax' if desired")
[3 : mcmc] Progress @ 2026-10-01 09:43:43 : 11569 steps taken, and 3027 accepted.
/home/mike/Proyectos/SSEE/.venv/lib/python3.12/site-packages/mcfit/mcfit.py:130: UserWarning: use backend='jax' if desired
  warnings.warn("use backend='jax' if desired")
[0 : mcmc] Progress @ 2026-10-01 09:43:43 : 11320 steps taken, and 3195 accepted.
/home/mike/Proyectos/SSEE/.venv/lib/python3.12/site-packages/mcfit/mcfit.py:130: UserWarning: use backend='jax' if desired
  warnings.warn("use backend='jax' if desired")
[2 : mcmc] Progress @ 2026-10-01 09:43:43 : 12095 steps taken, and 3209 accepted.
/home/mike/Proyectos/SSEE/.venv/lib/python3.12/site-packages/mcfit/mcfit.py:130: UserWarning: use backend='jax' if desired
  warnings.warn("use backend='jax' if desired")
[3 : mcmc] Learn + convergence test @ 3040 samples accepted.
[3 : mcmc] Ready to check convergence and learn a new proposal covmat (waiting for the rest...)
[0 : mcmc] All chains are ready to check convergence and learn a new proposal covmat
[0 : mcmc]  - Acceptance rate: 0.191 = avg([0.1974, 0.2045, 0.1802, 0.1802])
[0 : mcmc]  - Convergence of means: R-1 = 1.106130 after 12983 accepted steps = sum([3207, 3519, 3217, 3040])
[0 : mcmc]  - Updated covariance matrix of proposal pdf.
/home/mike/Proyectos/SSEE/.venv/lib/python3.12/site-packages/mcfit/mcfit.py:130: UserWarning: use backend='jax' if desired
  warnings.warn("use backend='jax' if desired")
/home/mike/Proyectos/SSEE/.venv/lib/python3.12/site-packages/mcfit/mcfit.py:130: UserWarning: use backend='jax' if desired
  warnings.warn("use backend='jax' if desired")
/home/mike/Proyectos/SSEE/.venv/lib/python3.12/site-packages/mcfit/mcfit.py:130: UserWarning: use backend='jax' if desired
  warnings.warn("use backend='jax' if desired")
/home/mike/Proyectos/SSEE/.venv/lib/python3.12/site-packages/mcfit/mcfit.py:130: UserWarning: use backend='jax' if desired
  warnings.warn("use backend='jax' if desired")
/home/mike/Proyectos/SSEE/.venv/lib/python3.12/site-packages/mcfit/mcfit.py:130: UserWarning: use backend='jax' if desired
  warnings.warn("use backend='jax' if desired")
/home/mike/Proyectos/SSEE/.venv/lib/python3.12/site-packages/mcfit/mcfit.py:130: UserWarning: use backend='jax' if desired
  warnings.warn("use backend='jax' if desired")
/home/mike/Proyectos/SSEE/.venv/lib/python3.12/site-packages/mcfit/mcfit.py:130: UserWarning: use backend='jax' if desired
  warnings.warn("use backend='jax' if desired")
/home/mike/Proyectos/SSEE/.venv/lib/python3.12/site-packages/mcfit/mcfit.py:130: UserWarning: use backend='jax' if desired
  warnings.warn("use backend='jax' if desired")
[1 : mcmc] Progress @ 2026-10-01 09:44:43 : 14081 steps taken, and 3773 accepted.
/home/mike/Proyectos/SSEE/.venv/lib/python3.12/site-packages/mcfit/mcfit.py:130: UserWarning: use backend='jax' if desired
  warnings.warn("use backend='jax' if desired")
[0 : mcmc] Progress @ 2026-10-01 09:44:43 : 13329 steps taken, and 3490 accepted.
/home/mike/Proyectos/SSEE/.venv/lib/python3.12/site-packages/mcfit/mcfit.py:130: UserWarning: use backend='jax' if desired
  warnings.warn("use backend='jax' if desired")
[2 : mcmc] Progress @ 2026-10-01 09:44:43 : 15023 steps taken, and 3613 accepted.
/home/mike/Proyectos/SSEE/.venv/lib/python3.12/site-packages/mcfit/mcfit.py:130: UserWarning: use backend='jax' if desired
  warnings.warn("use backend='jax' if desired")
[3 : mcmc] Progress @ 2026-10-01 09:44:43 : 13710 steps taken, and 3377 accepted.
/home/mike/Proyectos/SSEE/.venv/lib/python3.12/site-packages/mcfit/mcfit.py:130: UserWarning: use backend='jax' if desired
  warnings.warn("use backend='jax' if desired")
[1 : mcmc] Learn + convergence test @ 3800 samples accepted.
[1 : mcmc] Ready to check convergence and learn a new proposal covmat (waiting for the rest...)
[2 : mcmc] Learn + convergence test @ 3800 samples accepted.
[2 : mcmc] Ready to check convergence and learn a new proposal covmat (waiting for the rest...)
/home/mike/Proyectos/SSEE/.venv/lib/python3.12/site-packages/mcfit/mcfit.py:130: UserWarning: use backend='jax' if desired
  warnings.warn("use backend='jax' if desired")
/home/mike/Proyectos/SSEE/.venv/lib/python3.12/site-packages/mcfit/mcfit.py:130: UserWarning: use backend='jax' if desired
  warnings.warn("use backend='jax' if desired")
/home/mike/Proyectos/SSEE/.venv/lib/python3.12/site-packages/mcfit/mcfit.py:130: UserWarning: use backend='jax' if desired
  warnings.warn("use backend='jax' if desired")
/home/mike/Proyectos/SSEE/.venv/lib/python3.12/site-packages/mcfit/mcfit.py:130: UserWarning: use backend='jax' if desired
  warnings.warn("use backend='jax' if desired")
[0 : mcmc] Learn + convergence test @ 3800 samples accepted.
[0 : mcmc] Ready to check convergence and learn a new proposal covmat (waiting for the rest...)
/home/mike/Proyectos/SSEE/.venv/lib/python3.12/site-packages/mcfit/mcfit.py:130: UserWarning: use backend='jax' if desired
  warnings.warn("use backend='jax' if desired")
[1 : mcmc] Progress @ 2026-10-01 09:45:43 : 17136 steps taken, and 4185 accepted.
/home/mike/Proyectos/SSEE/.venv/lib/python3.12/site-packages/mcfit/mcfit.py:130: UserWarning: use backend='jax' if desired
  warnings.warn("use backend='jax' if desired")
[0 : mcmc] Progress @ 2026-10-01 09:45:43 : 15646 steps taken, and 3832 accepted.
/home/mike/Proyectos/SSEE/.venv/lib/python3.12/site-packages/mcfit/mcfit.py:130: UserWarning: use backend='jax' if desired
  warnings.warn("use backend='jax' if desired")
[2 : mcmc] Progress @ 2026-10-01 09:45:43 : 17669 steps taken, and 4008 accepted.
/home/mike/Proyectos/SSEE/.venv/lib/python3.12/site-packages/mcfit/mcfit.py:130: UserWarning: use backend='jax' if desired
  warnings.warn("use backend='jax' if desired")
[3 : mcmc] Progress @ 2026-10-01 09:45:43 : 15792 steps taken, and 3680 accepted.
/home/mike/Proyectos/SSEE/.venv/lib/python3.12/site-packages/mcfit/mcfit.py:130: UserWarning: use backend='jax' if desired
  warnings.warn("use backend='jax' if desired")
/home/mike/Proyectos/SSEE/.venv/lib/python3.12/site-packages/mcfit/mcfit.py:130: UserWarning: use backend='jax' if desired
  warnings.warn("use backend='jax' if desired")
[3 : mcmc] Learn + convergence test @ 3800 samples accepted.
[3 : mcmc] Ready to check convergence and learn a new proposal covmat (waiting for the rest...)
[0 : mcmc] All chains are ready to check convergence and learn a new proposal covmat
[0 : mcmc]  - Acceptance rate: 0.166 = avg([0.1689, 0.1682, 0.1590, 0.1702])
[0 : mcmc]  - Convergence of means: R-1 = 0.785431 after 16320 accepted steps = sum([3944, 4407, 4169, 3800])
[0 : mcmc]  - Updated covariance matrix of proposal pdf.
/home/mike/Proyectos/SSEE/.venv/lib/python3.12/site-packages/mcfit/mcfit.py:130: UserWarning: use backend='jax' if desired
  warnings.warn("use backend='jax' if desired")
/home/mike/Proyectos/SSEE/.venv/lib/python3.12/site-packages/mcfit/mcfit.py:130: UserWarning: use backend='jax' if desired
  warnings.warn("use backend='jax' if desired")
/home/mike/Proyectos/SSEE/.venv/lib/python3.12/site-packages/mcfit/mcfit.py:130: UserWarning: use backend='jax' if desired
  warnings.warn("use backend='jax' if desired")
/home/mike/Proyectos/SSEE/.venv/lib/python3.12/site-packages/mcfit/mcfit.py:130: UserWarning: use backend='jax' if desired
  warnings.warn("use backend='jax' if desired")
[1 : mcmc] Learn + convergence test @ 4560 samples accepted.
[1 : mcmc] Ready to check convergence and learn a new proposal covmat (waiting for the rest...)
/home/mike/Proyectos/SSEE/.venv/lib/python3.12/site-packages/mcfit/mcfit.py:130: UserWarning: use backend='jax' if desired
  warnings.warn("use backend='jax' if desired")
/home/mike/Proyectos/SSEE/.venv/lib/python3.12/site-packages/mcfit/mcfit.py:130: UserWarning: use backend='jax' if desired
  warnings.warn("use backend='jax' if desired")
[1 : mcmc] Progress @ 2026-10-01 09:46:43 : 20585 steps taken, and 4736 accepted.
/home/mike/Proyectos/SSEE/.venv/lib/python3.12/site-packages/mcfit/mcfit.py:130: UserWarning: use backend='jax' if desired
  warnings.warn("use backend='jax' if desired")
[0 : mcmc] Progress @ 2026-10-01 09:46:43 : 17679 steps taken, and 4123 accepted.
/home/mike/Proyectos/SSEE/.venv/lib/python3.12/site-packages/mcfit/mcfit.py:130: UserWarning: use backend='jax' if desired
  warnings.warn("use backend='jax' if desired")
[2 : mcmc] Progress @ 2026-10-01 09:46:43 : 21234 steps taken, and 4477 accepted.
/home/mike/Proyectos/SSEE/.venv/lib/python3.12/site-packages/mcfit/mcfit.py:130: UserWarning: use backend='jax' if desired
  warnings.warn("use backend='jax' if desired")
[3 : mcmc] Progress @ 2026-10-01 09:46:43 : 17778 steps taken, and 3968 accepted.
/home/mike/Proyectos/SSEE/.venv/lib/python3.12/site-packages/mcfit/mcfit.py:130: UserWarning: use backend='jax' if desired
  warnings.warn("use backend='jax' if desired")
[2 : mcmc] Learn + convergence test @ 4560 samples accepted.
[2 : mcmc] Ready to check convergence and learn a new proposal covmat (waiting for the rest...)
/home/mike/Proyectos/SSEE/.venv/lib/python3.12/site-packages/mcfit/mcfit.py:130: UserWarning: use backend='jax' if desired
  warnings.warn("use backend='jax' if desired")
/home/mike/Proyectos/SSEE/.venv/lib/python3.12/site-packages/mcfit/mcfit.py:130: UserWarning: use backend='jax' if desired
  warnings.warn("use backend='jax' if desired")
/home/mike/Proyectos/SSEE/.venv/lib/python3.12/site-packages/mcfit/mcfit.py:130: UserWarning: use backend='jax' if desired
  warnings.warn("use backend='jax' if desired")
/home/mike/Proyectos/SSEE/.venv/lib/python3.12/site-packages/mcfit/mcfit.py:130: UserWarning: use backend='jax' if desired
  warnings.warn("use backend='jax' if desired")
/home/mike/Proyectos/SSEE/.venv/lib/python3.12/site-packages/mcfit/mcfit.py:130: UserWarning: use backend='jax' if desired
  warnings.warn("use backend='jax' if desired")
/home/mike/Proyectos/SSEE/.venv/lib/python3.12/site-packages/mcfit/mcfit.py:130: UserWarning: use backend='jax' if desired
  warnings.warn("use backend='jax' if desired")
[1 : mcmc] Progress @ 2026-10-01 09:47:43 : 23978 steps taken, and 5248 accepted.
/home/mike/Proyectos/SSEE/.venv/lib/python3.12/site-packages/mcfit/mcfit.py:130: UserWarning: use backend='jax' if desired
  warnings.warn("use backend='jax' if desired")
[2 : mcmc] Progress @ 2026-10-01 09:47:43 : 24692 steps taken, and 4979 accepted.
/home/mike/Proyectos/SSEE/.venv/lib/python3.12/site-packages/mcfit/mcfit.py:130: UserWarning: use backend='jax' if desired
  warnings.warn("use backend='jax' if desired")
[0 : mcmc] Progress @ 2026-10-01 09:47:43 : 19691 steps taken, and 4455 accepted.
/home/mike/Proyectos/SSEE/.venv/lib/python3.12/site-packages/mcfit/mcfit.py:130: UserWarning: use backend='jax' if desired
  warnings.warn("use backend='jax' if desired")
[3 : mcmc] Progress @ 2026-10-01 09:47:43 : 20178 steps taken, and 4344 accepted.
/home/mike/Proyectos/SSEE/.venv/lib/python3.12/site-packages/mcfit/mcfit.py:130: UserWarning: use backend='jax' if desired
  warnings.warn("use backend='jax' if desired")
[1 : mcmc] Learn + convergence test @ 5320 samples accepted.
[0 : mcmc] Learn + convergence test @ 4560 samples accepted.
[0 : mcmc] Ready to check convergence and learn a new proposal covmat (waiting for the rest...)
/home/mike/Proyectos/SSEE/.venv/lib/python3.12/site-packages/mcfit/mcfit.py:130: UserWarning: use backend='jax' if desired
  warnings.warn("use backend='jax' if desired")
/home/mike/Proyectos/SSEE/.venv/lib/python3.12/site-packages/mcfit/mcfit.py:130: UserWarning: use backend='jax' if desired
  warnings.warn("use backend='jax' if desired")
/home/mike/Proyectos/SSEE/.venv/lib/python3.12/site-packages/mcfit/mcfit.py:130: UserWarning: use backend='jax' if desired
  warnings.warn("use backend='jax' if desired")
[3 : mcmc] Learn + convergence test @ 4560 samples accepted.
[3 : mcmc] Ready to check convergence and learn a new proposal covmat (waiting for the rest...)
[0 : mcmc] All chains are ready to check convergence and learn a new proposal covmat
[0 : mcmc]  - Acceptance rate: 0.156 = avg([0.1614, 0.1552, 0.1505, 0.1587])
[0 : mcmc]  - Convergence of means: R-1 = 0.549855 after 19866 accepted steps = sum([4632, 5480, 5194, 4560])
[0 : mcmc]  - Updated covariance matrix of proposal pdf.
/home/mike/Proyectos/SSEE/.venv/lib/python3.12/site-packages/mcfit/mcfit.py:130: UserWarning: use backend='jax' if desired
  warnings.warn("use backend='jax' if desired")
/home/mike/Proyectos/SSEE/.venv/lib/python3.12/site-packages/mcfit/mcfit.py:130: UserWarning: use backend='jax' if desired
  warnings.warn("use backend='jax' if desired")
/home/mike/Proyectos/SSEE/.venv/lib/python3.12/site-packages/mcfit/mcfit.py:130: UserWarning: use backend='jax' if desired
  warnings.warn("use backend='jax' if desired")
/home/mike/Proyectos/SSEE/.venv/lib/python3.12/site-packages/mcfit/mcfit.py:130: UserWarning: use backend='jax' if desired
  warnings.warn("use backend='jax' if desired")
/home/mike/Proyectos/SSEE/.venv/lib/python3.12/site-packages/mcfit/mcfit.py:130: UserWarning: use backend='jax' if desired
  warnings.warn("use backend='jax' if desired")
[2 : mcmc] Learn + convergence test @ 5320 samples accepted.
[2 : mcmc] Ready to check convergence and learn a new proposal covmat (waiting for the rest...)
[1 : mcmc] Progress @ 2026-10-01 09:48:43 : 27365 steps taken, and 5788 accepted.
/home/mike/Proyectos/SSEE/.venv/lib/python3.12/site-packages/mcfit/mcfit.py:130: UserWarning: use backend='jax' if desired
  warnings.warn("use backend='jax' if desired")
[2 : mcmc] Progress @ 2026-10-01 09:48:43 : 27539 steps taken, and 5382 accepted.
/home/mike/Proyectos/SSEE/.venv/lib/python3.12/site-packages/mcfit/mcfit.py:130: UserWarning: use backend='jax' if desired
  warnings.warn("use backend='jax' if desired")
[3 : mcmc] Progress @ 2026-10-01 09:48:43 : 22999 steps taken, and 4733 accepted.
[0 : mcmc] Progress @ 2026-10-01 09:48:43 : 21867 steps taken, and 4798 accepted.
/home/mike/Proyectos/SSEE/.venv/lib/python3.12/site-packages/mcfit/mcfit.py:130: UserWarning: use backend='jax' if desired
  warnings.warn("use backend='jax' if desired")
/home/mike/Proyectos/SSEE/.venv/lib/python3.12/site-packages/mcfit/mcfit.py:130: UserWarning: use backend='jax' if desired
  warnings.warn("use backend='jax' if desired")
/home/mike/Proyectos/SSEE/.venv/lib/python3.12/site-packages/mcfit/mcfit.py:130: UserWarning: use backend='jax' if desired
  warnings.warn("use backend='jax' if desired")
/home/mike/Proyectos/SSEE/.venv/lib/python3.12/site-packages/mcfit/mcfit.py:130: UserWarning: use backend='jax' if desired
  warnings.warn("use backend='jax' if desired")
/home/mike/Proyectos/SSEE/.venv/lib/python3.12/site-packages/mcfit/mcfit.py:130: UserWarning: use backend='jax' if desired
  warnings.warn("use backend='jax' if desired")
[1 : mcmc] Learn + convergence test @ 6080 samples accepted.
[1 : mcmc] Ready to check convergence and learn a new proposal covmat (waiting for the rest...)
/home/mike/Proyectos/SSEE/.venv/lib/python3.12/site-packages/mcfit/mcfit.py:130: UserWarning: use backend='jax' if desired
  warnings.warn("use backend='jax' if desired")
/home/mike/Proyectos/SSEE/.venv/lib/python3.12/site-packages/mcfit/mcfit.py:130: UserWarning: use backend='jax' if desired
  warnings.warn("use backend='jax' if desired")
/home/mike/Proyectos/SSEE/.venv/lib/python3.12/site-packages/mcfit/mcfit.py:130: UserWarning: use backend='jax' if desired
  warnings.warn("use backend='jax' if desired")
[1 : mcmc] Progress @ 2026-10-01 09:49:43 : 30809 steps taken, and 6301 accepted.
/home/mike/Proyectos/SSEE/.venv/lib/python3.12/site-packages/mcfit/mcfit.py:130: UserWarning: use backend='jax' if desired
  warnings.warn("use backend='jax' if desired")
[2 : mcmc] Progress @ 2026-10-01 09:49:43 : 29830 steps taken, and 5713 accepted.
/home/mike/Proyectos/SSEE/.venv/lib/python3.12/site-packages/mcfit/mcfit.py:130: UserWarning: use backend='jax' if desired
  warnings.warn("use backend='jax' if desired")
[3 : mcmc] Progress @ 2026-10-01 09:49:43 : 25184 steps taken, and 5070 accepted.
/home/mike/Proyectos/SSEE/.venv/lib/python3.12/site-packages/mcfit/mcfit.py:130: UserWarning: use backend='jax' if desired
  warnings.warn("use backend='jax' if desired")
[0 : mcmc] Progress @ 2026-10-01 09:49:43 : 24906 steps taken, and 5213 accepted.
/home/mike/Proyectos/SSEE/.venv/lib/python3.12/site-packages/mcfit/mcfit.py:130: UserWarning: use backend='jax' if desired
  warnings.warn("use backend='jax' if desired")
[0 : mcmc] Learn + convergence test @ 5320 samples accepted.
[0 : mcmc] Ready to check convergence and learn a new proposal covmat (waiting for the rest...)
/home/mike/Proyectos/SSEE/.venv/lib/python3.12/site-packages/mcfit/mcfit.py:130: UserWarning: use backend='jax' if desired
  warnings.warn("use backend='jax' if desired")
/home/mike/Proyectos/SSEE/.venv/lib/python3.12/site-packages/mcfit/mcfit.py:130: UserWarning: use backend='jax' if desired
  warnings.warn("use backend='jax' if desired")
/home/mike/Proyectos/SSEE/.venv/lib/python3.12/site-packages/mcfit/mcfit.py:130: UserWarning: use backend='jax' if desired
  warnings.warn("use backend='jax' if desired")
/home/mike/Proyectos/SSEE/.venv/lib/python3.12/site-packages/mcfit/mcfit.py:130: UserWarning: use backend='jax' if desired
  warnings.warn("use backend='jax' if desired")
[3 : mcmc] Learn + convergence test @ 5320 samples accepted.
[3 : mcmc] Ready to check convergence and learn a new proposal covmat (waiting for the rest...)
[0 : mcmc] All chains are ready to check convergence and learn a new proposal covmat
[0 : mcmc]  - Acceptance rate: 0.149 = avg([0.1510, 0.1489, 0.1442, 0.1529])
[0 : mcmc]  - Convergence of means: R-1 = 0.285732 after 23265 accepted steps = sum([5459, 6556, 5930, 5320])
[0 : mcmc]  - Updated covariance matrix of proposal pdf.
/home/mike/Proyectos/SSEE/.venv/lib/python3.12/site-packages/mcfit/mcfit.py:130: UserWarning: use backend='jax' if desired
  warnings.warn("use backend='jax' if desired")
/home/mike/Proyectos/SSEE/.venv/lib/python3.12/site-packages/mcfit/mcfit.py:130: UserWarning: use backend='jax' if desired
  warnings.warn("use backend='jax' if desired")
/home/mike/Proyectos/SSEE/.venv/lib/python3.12/site-packages/mcfit/mcfit.py:130: UserWarning: use backend='jax' if desired
  warnings.warn("use backend='jax' if desired")
/home/mike/Proyectos/SSEE/.venv/lib/python3.12/site-packages/mcfit/mcfit.py:130: UserWarning: use backend='jax' if desired
  warnings.warn("use backend='jax' if desired")
[2 : mcmc] Learn + convergence test @ 6080 samples accepted.
[2 : mcmc] Ready to check convergence and learn a new proposal covmat (waiting for the rest...)
/home/mike/Proyectos/SSEE/.venv/lib/python3.12/site-packages/mcfit/mcfit.py:130: UserWarning: use backend='jax' if desired
  warnings.warn("use backend='jax' if desired")
/home/mike/Proyectos/SSEE/.venv/lib/python3.12/site-packages/mcfit/mcfit.py:130: UserWarning: use backend='jax' if desired
  warnings.warn("use backend='jax' if desired")
[1 : mcmc] Progress @ 2026-10-01 09:50:43 : 34172 steps taken, and 6782 accepted.
/home/mike/Proyectos/SSEE/.venv/lib/python3.12/site-packages/mcfit/mcfit.py:130: UserWarning: use backend='jax' if desired
  warnings.warn("use backend='jax' if desired")
[2 : mcmc] Progress @ 2026-10-01 09:50:43 : 32796 steps taken, and 6128 accepted.
/home/mike/Proyectos/SSEE/.venv/lib/python3.12/site-packages/mcfit/mcfit.py:130: UserWarning: use backend='jax' if desired
  warnings.warn("use backend='jax' if desired")
[3 : mcmc] Progress @ 2026-10-01 09:50:43 : 28102 steps taken, and 5537 accepted.
/home/mike/Proyectos/SSEE/.venv/lib/python3.12/site-packages/mcfit/mcfit.py:130: UserWarning: use backend='jax' if desired
  warnings.warn("use backend='jax' if desired")
[0 : mcmc] Progress @ 2026-10-01 09:50:43 : 27529 steps taken, and 5599 accepted.
/home/mike/Proyectos/SSEE/.venv/lib/python3.12/site-packages/mcfit/mcfit.py:130: UserWarning: use backend='jax' if desired
  warnings.warn("use backend='jax' if desired")
[1 : mcmc] Learn + convergence test @ 6840 samples accepted.
[1 : mcmc] Ready to check convergence and learn a new proposal covmat (waiting for the rest...)
/home/mike/Proyectos/SSEE/.venv/lib/python3.12/site-packages/mcfit/mcfit.py:130: UserWarning: use backend='jax' if desired
  warnings.warn("use backend='jax' if desired")
/home/mike/Proyectos/SSEE/.venv/lib/python3.12/site-packages/mcfit/mcfit.py:130: UserWarning: use backend='jax' if desired
  warnings.warn("use backend='jax' if desired")
/home/mike/Proyectos/SSEE/.venv/lib/python3.12/site-packages/mcfit/mcfit.py:130: UserWarning: use backend='jax' if desired
  warnings.warn("use backend='jax' if desired")
/home/mike/Proyectos/SSEE/.venv/lib/python3.12/site-packages/mcfit/mcfit.py:130: UserWarning: use backend='jax' if desired
  warnings.warn("use backend='jax' if desired")
/home/mike/Proyectos/SSEE/.venv/lib/python3.12/site-packages/mcfit/mcfit.py:130: UserWarning: use backend='jax' if desired
  warnings.warn("use backend='jax' if desired")
/home/mike/Proyectos/SSEE/.venv/lib/python3.12/site-packages/mcfit/mcfit.py:130: UserWarning: use backend='jax' if desired
  warnings.warn("use backend='jax' if desired")
/home/mike/Proyectos/SSEE/.venv/lib/python3.12/site-packages/mcfit/mcfit.py:130: UserWarning: use backend='jax' if desired
  warnings.warn("use backend='jax' if desired")
[1 : mcmc] Progress @ 2026-10-01 09:51:43 : 37678 steps taken, and 7280 accepted.
/home/mike/Proyectos/SSEE/.venv/lib/python3.12/site-packages/mcfit/mcfit.py:130: UserWarning: use backend='jax' if desired
  warnings.warn("use backend='jax' if desired")
[2 : mcmc] Progress @ 2026-10-01 09:51:43 : 36309 steps taken, and 6611 accepted.
/home/mike/Proyectos/SSEE/.venv/lib/python3.12/site-packages/mcfit/mcfit.py:130: UserWarning: use backend='jax' if desired
  warnings.warn("use backend='jax' if desired")
[3 : mcmc] Progress @ 2026-10-01 09:51:43 : 31578 steps taken, and 6002 accepted.
/home/mike/Proyectos/SSEE/.venv/lib/python3.12/site-packages/mcfit/mcfit.py:130: UserWarning: use backend='jax' if desired
  warnings.warn("use backend='jax' if desired")
[0 : mcmc] Progress @ 2026-10-01 09:51:43 : 29729 steps taken, and 5937 accepted.
/home/mike/Proyectos/SSEE/.venv/lib/python3.12/site-packages/mcfit/mcfit.py:130: UserWarning: use backend='jax' if desired
  warnings.warn("use backend='jax' if desired")
[3 : mcmc] Learn + convergence test @ 6080 samples accepted.
[3 : mcmc] Ready to check convergence and learn a new proposal covmat (waiting for the rest...)
[0 : mcmc] Learn + convergence test @ 6080 samples accepted.
[0 : mcmc] Ready to check convergence and learn a new proposal covmat (waiting for the rest...)
[0 : mcmc] All chains are ready to check convergence and learn a new proposal covmat
[0 : mcmc]  - Acceptance rate: 0.147 = avg([0.1501, 0.1487, 0.1412, 0.1476])
[0 : mcmc]  - Convergence of means: R-1 = 0.322628 after 26520 accepted steps = sum([6080, 7461, 6802, 6177])
[0 : mcmc]  - Updated covariance matrix of proposal pdf.
/home/mike/Proyectos/SSEE/.venv/lib/python3.12/site-packages/mcfit/mcfit.py:130: UserWarning: use backend='jax' if desired
  warnings.warn("use backend='jax' if desired")
/home/mike/Proyectos/SSEE/.venv/lib/python3.12/site-packages/mcfit/mcfit.py:130: UserWarning: use backend='jax' if desired
  warnings.warn("use backend='jax' if desired")
/home/mike/Proyectos/SSEE/.venv/lib/python3.12/site-packages/mcfit/mcfit.py:130: UserWarning: use backend='jax' if desired
  warnings.warn("use backend='jax' if desired")
/home/mike/Proyectos/SSEE/.venv/lib/python3.12/site-packages/mcfit/mcfit.py:130: UserWarning: use backend='jax' if desired
  warnings.warn("use backend='jax' if desired")
[2 : mcmc] Learn + convergence test @ 6840 samples accepted.
[2 : mcmc] Ready to check convergence and learn a new proposal covmat (waiting for the rest...)
[1 : mcmc] Learn + convergence test @ 7600 samples accepted.
[1 : mcmc] Ready to check convergence and learn a new proposal covmat (waiting for the rest...)
/home/mike/Proyectos/SSEE/.venv/lib/python3.12/site-packages/mcfit/mcfit.py:130: UserWarning: use backend='jax' if desired
  warnings.warn("use backend='jax' if desired")
[1 : mcmc] Progress @ 2026-10-01 09:52:43 : 40839 steps taken, and 7733 accepted.
/home/mike/Proyectos/SSEE/.venv/lib/python3.12/site-packages/mcfit/mcfit.py:130: UserWarning: use backend='jax' if desired
  warnings.warn("use backend='jax' if desired")
/home/mike/Proyectos/SSEE/.venv/lib/python3.12/site-packages/mcfit/mcfit.py:130: UserWarning: use backend='jax' if desired
  warnings.warn("use backend='jax' if desired")
[2 : mcmc] Progress @ 2026-10-01 09:52:43 : 38851 steps taken, and 6991 accepted.
/home/mike/Proyectos/SSEE/.venv/lib/python3.12/site-packages/mcfit/mcfit.py:130: UserWarning: use backend='jax' if desired
  warnings.warn("use backend='jax' if desired")
[3 : mcmc] Progress @ 2026-10-01 09:52:44 : 34002 steps taken, and 6343 accepted.
/home/mike/Proyectos/SSEE/.venv/lib/python3.12/site-packages/mcfit/mcfit.py:130: UserWarning: use backend='jax' if desired
  warnings.warn("use backend='jax' if desired")
[0 : mcmc] Progress @ 2026-10-01 09:52:44 : 32027 steps taken, and 6281 accepted.
/home/mike/Proyectos/SSEE/.venv/lib/python3.12/site-packages/mcfit/mcfit.py:130: UserWarning: use backend='jax' if desired
  warnings.warn("use backend='jax' if desired")
/home/mike/Proyectos/SSEE/.venv/lib/python3.12/site-packages/mcfit/mcfit.py:130: UserWarning: use backend='jax' if desired
  warnings.warn("use backend='jax' if desired")
/home/mike/Proyectos/SSEE/.venv/lib/python3.12/site-packages/mcfit/mcfit.py:130: UserWarning: use backend='jax' if desired
  warnings.warn("use backend='jax' if desired")
/home/mike/Proyectos/SSEE/.venv/lib/python3.12/site-packages/mcfit/mcfit.py:130: UserWarning: use backend='jax' if desired
  warnings.warn("use backend='jax' if desired")
/home/mike/Proyectos/SSEE/.venv/lib/python3.12/site-packages/mcfit/mcfit.py:130: UserWarning: use backend='jax' if desired
  warnings.warn("use backend='jax' if desired")
/home/mike/Proyectos/SSEE/.venv/lib/python3.12/site-packages/mcfit/mcfit.py:130: UserWarning: use backend='jax' if desired
  warnings.warn("use backend='jax' if desired")
[1 : mcmc] Progress @ 2026-10-01 09:53:43 : 43291 steps taken, and 8033 accepted.
/home/mike/Proyectos/SSEE/.venv/lib/python3.12/site-packages/mcfit/mcfit.py:130: UserWarning: use backend='jax' if desired
  warnings.warn("use backend='jax' if desired")
[2 : mcmc] Progress @ 2026-10-01 09:53:43 : 40987 steps taken, and 7327 accepted.
/home/mike/Proyectos/SSEE/.venv/lib/python3.12/site-packages/mcfit/mcfit.py:130: UserWarning: use backend='jax' if desired
  warnings.warn("use backend='jax' if desired")
[0 : mcmc] Progress @ 2026-10-01 09:53:44 : 35042 steps taken, and 6723 accepted.
/home/mike/Proyectos/SSEE/.venv/lib/python3.12/site-packages/mcfit/mcfit.py:130: UserWarning: use backend='jax' if desired
  warnings.warn("use backend='jax' if desired")
[3 : mcmc] Progress @ 2026-10-01 09:53:44 : 35979 steps taken, and 6616 accepted.
/home/mike/Proyectos/SSEE/.venv/lib/python3.12/site-packages/mcfit/mcfit.py:130: UserWarning: use backend='jax' if desired
  warnings.warn("use backend='jax' if desired")
[0 : mcmc] Learn + convergence test @ 6840 samples accepted.
[0 : mcmc] Ready to check convergence and learn a new proposal covmat (waiting for the rest...)
/home/mike/Proyectos/SSEE/.venv/lib/python3.12/site-packages/mcfit/mcfit.py:130: UserWarning: use backend='jax' if desired
  warnings.warn("use backend='jax' if desired")
/home/mike/Proyectos/SSEE/.venv/lib/python3.12/site-packages/mcfit/mcfit.py:130: UserWarning: use backend='jax' if desired
  warnings.warn("use backend='jax' if desired")
/home/mike/Proyectos/SSEE/.venv/lib/python3.12/site-packages/mcfit/mcfit.py:130: UserWarning: use backend='jax' if desired
  warnings.warn("use backend='jax' if desired")
/home/mike/Proyectos/SSEE/.venv/lib/python3.12/site-packages/mcfit/mcfit.py:130: UserWarning: use backend='jax' if desired
  warnings.warn("use backend='jax' if desired")
[3 : mcmc] Learn + convergence test @ 6840 samples accepted.
[3 : mcmc] Ready to check convergence and learn a new proposal covmat (waiting for the rest...)
[0 : mcmc] All chains are ready to check convergence and learn a new proposal covmat
[0 : mcmc]  - Acceptance rate: 0.145 = avg([0.1479, 0.1453, 0.1405, 0.1456])
[0 : mcmc]  - Convergence of means: R-1 = 0.233184 after 29606 accepted steps = sum([6955, 8267, 7544, 6840])
[0 : mcmc]  - Updated covariance matrix of proposal pdf.
/home/mike/Proyectos/SSEE/.venv/lib/python3.12/site-packages/mcfit/mcfit.py:130: UserWarning: use backend='jax' if desired
  warnings.warn("use backend='jax' if desired")
/home/mike/Proyectos/SSEE/.venv/lib/python3.12/site-packages/mcfit/mcfit.py:130: UserWarning: use backend='jax' if desired
  warnings.warn("use backend='jax' if desired")
/home/mike/Proyectos/SSEE/.venv/lib/python3.12/site-packages/mcfit/mcfit.py:130: UserWarning: use backend='jax' if desired
  warnings.warn("use backend='jax' if desired")
/home/mike/Proyectos/SSEE/.venv/lib/python3.12/site-packages/mcfit/mcfit.py:130: UserWarning: use backend='jax' if desired
  warnings.warn("use backend='jax' if desired")
[2 : mcmc] Learn + convergence test @ 7600 samples accepted.
[2 : mcmc] Ready to check convergence and learn a new proposal covmat (waiting for the rest...)
[1 : mcmc] Progress @ 2026-10-01 09:54:43 : 45613 steps taken, and 8338 accepted.
/home/mike/Proyectos/SSEE/.venv/lib/python3.12/site-packages/mcfit/mcfit.py:130: UserWarning: use backend='jax' if desired
  warnings.warn("use backend='jax' if desired")
[2 : mcmc] Progress @ 2026-10-01 09:54:43 : 43248 steps taken, and 7620 accepted.
/home/mike/Proyectos/SSEE/.venv/lib/python3.12/site-packages/mcfit/mcfit.py:130: UserWarning: use backend='jax' if desired
  warnings.warn("use backend='jax' if desired")
[3 : mcmc] Progress @ 2026-10-01 09:54:44 : 38009 steps taken, and 6913 accepted.
/home/mike/Proyectos/SSEE/.venv/lib/python3.12/site-packages/mcfit/mcfit.py:130: UserWarning: use backend='jax' if desired
  warnings.warn("use backend='jax' if desired")
[0 : mcmc] Progress @ 2026-10-01 09:54:44 : 37319 steps taken, and 7031 accepted.
/home/mike/Proyectos/SSEE/.venv/lib/python3.12/site-packages/mcfit/mcfit.py:130: UserWarning: use backend='jax' if desired
  warnings.warn("use backend='jax' if desired")
[1 : mcmc] Learn + convergence test @ 8360 samples accepted.
[1 : mcmc] Ready to check convergence and learn a new proposal covmat (waiting for the rest...)
/home/mike/Proyectos/SSEE/.venv/lib/python3.12/site-packages/mcfit/mcfit.py:130: UserWarning: use backend='jax' if desired
  warnings.warn("use backend='jax' if desired")
/home/mike/Proyectos/SSEE/.venv/lib/python3.12/site-packages/mcfit/mcfit.py:130: UserWarning: use backend='jax' if desired
  warnings.warn("use backend='jax' if desired")
/home/mike/Proyectos/SSEE/.venv/lib/python3.12/site-packages/mcfit/mcfit.py:130: UserWarning: use backend='jax' if desired
  warnings.warn("use backend='jax' if desired")
/home/mike/Proyectos/SSEE/.venv/lib/python3.12/site-packages/mcfit/mcfit.py:130: UserWarning: use backend='jax' if desired
  warnings.warn("use backend='jax' if desired")
[1 : mcmc] Progress @ 2026-10-01 09:55:44 : 47581 steps taken, and 8620 accepted.
/home/mike/Proyectos/SSEE/.venv/lib/python3.12/site-packages/mcfit/mcfit.py:130: UserWarning: use backend='jax' if desired
  warnings.warn("use backend='jax' if desired")
[2 : mcmc] Progress @ 2026-10-01 09:55:44 : 45521 steps taken, and 7900 accepted.
/home/mike/Proyectos/SSEE/.venv/lib/python3.12/site-packages/mcfit/mcfit.py:130: UserWarning: use backend='jax' if desired
  warnings.warn("use backend='jax' if desired")
[3 : mcmc] Progress @ 2026-10-01 09:55:44 : 39985 steps taken, and 7196 accepted.
/home/mike/Proyectos/SSEE/.venv/lib/python3.12/site-packages/mcfit/mcfit.py:130: UserWarning: use backend='jax' if desired
  warnings.warn("use backend='jax' if desired")
[0 : mcmc] Progress @ 2026-10-01 09:55:44 : 39515 steps taken, and 7352 accepted.
/home/mike/Proyectos/SSEE/.venv/lib/python3.12/site-packages/mcfit/mcfit.py:130: UserWarning: use backend='jax' if desired
  warnings.warn("use backend='jax' if desired")
/home/mike/Proyectos/SSEE/.venv/lib/python3.12/site-packages/mcfit/mcfit.py:130: UserWarning: use backend='jax' if desired
  warnings.warn("use backend='jax' if desired")
/home/mike/Proyectos/SSEE/.venv/lib/python3.12/site-packages/mcfit/mcfit.py:130: UserWarning: use backend='jax' if desired
  warnings.warn("use backend='jax' if desired")
/home/mike/Proyectos/SSEE/.venv/lib/python3.12/site-packages/mcfit/mcfit.py:130: UserWarning: use backend='jax' if desired
  warnings.warn("use backend='jax' if desired")
/home/mike/Proyectos/SSEE/.venv/lib/python3.12/site-packages/mcfit/mcfit.py:130: UserWarning: use backend='jax' if desired
  warnings.warn("use backend='jax' if desired")
[0 : mcmc] Learn + convergence test @ 7600 samples accepted.
[0 : mcmc] Ready to check convergence and learn a new proposal covmat (waiting for the rest...)
[1 : mcmc] Progress @ 2026-10-01 09:56:44 : 50208 steps taken, and 8971 accepted.
/home/mike/Proyectos/SSEE/.venv/lib/python3.12/site-packages/mcfit/mcfit.py:130: UserWarning: use backend='jax' if desired
  warnings.warn("use backend='jax' if desired")
/home/mike/Proyectos/SSEE/.venv/lib/python3.12/site-packages/mcfit/mcfit.py:130: UserWarning: use backend='jax' if desired
  warnings.warn("use backend='jax' if desired")
[2 : mcmc] Progress @ 2026-10-01 09:56:44 : 47829 steps taken, and 8195 accepted.
[3 : mcmc] Progress @ 2026-10-01 09:56:44 : 42569 steps taken, and 7544 accepted.
/home/mike/Proyectos/SSEE/.venv/lib/python3.12/site-packages/mcfit/mcfit.py:130: UserWarning: use backend='jax' if desired
  warnings.warn("use backend='jax' if desired")
/home/mike/Proyectos/SSEE/.venv/lib/python3.12/site-packages/mcfit/mcfit.py:130: UserWarning: use backend='jax' if desired
  warnings.warn("use backend='jax' if desired")
[0 : mcmc] Progress @ 2026-10-01 09:56:44 : 41729 steps taken, and 7678 accepted.
[3 : mcmc] Learn + convergence test @ 7600 samples accepted.
[3 : mcmc] Ready to check convergence and learn a new proposal covmat (waiting for the rest...)
[0 : mcmc] All chains are ready to check convergence and learn a new proposal covmat
[0 : mcmc]  - Acceptance rate: 0.144 = avg([0.1475, 0.1441, 0.1397, 0.1441])
[0 : mcmc]  - Convergence of means: R-1 = 0.166997 after 32565 accepted steps = sum([7717, 9022, 8226, 7600])
[0 : mcmc]  - Updated covariance matrix of proposal pdf.
/home/mike/Proyectos/SSEE/.venv/lib/python3.12/site-packages/mcfit/mcfit.py:130: UserWarning: use backend='jax' if desired
  warnings.warn("use backend='jax' if desired")
/home/mike/Proyectos/SSEE/.venv/lib/python3.12/site-packages/mcfit/mcfit.py:130: UserWarning: use backend='jax' if desired
  warnings.warn("use backend='jax' if desired")
/home/mike/Proyectos/SSEE/.venv/lib/python3.12/site-packages/mcfit/mcfit.py:130: UserWarning: use backend='jax' if desired
  warnings.warn("use backend='jax' if desired")
/home/mike/Proyectos/SSEE/.venv/lib/python3.12/site-packages/mcfit/mcfit.py:130: UserWarning: use backend='jax' if desired
  warnings.warn("use backend='jax' if desired")
[1 : mcmc] Learn + convergence test @ 9120 samples accepted.
[1 : mcmc] Ready to check convergence and learn a new proposal covmat (waiting for the rest...)
/home/mike/Proyectos/SSEE/.venv/lib/python3.12/site-packages/mcfit/mcfit.py:130: UserWarning: use backend='jax' if desired
  warnings.warn("use backend='jax' if desired")
[2 : mcmc] Learn + convergence test @ 8360 samples accepted.
[2 : mcmc] Ready to check convergence and learn a new proposal covmat (waiting for the rest...)
/home/mike/Proyectos/SSEE/.venv/lib/python3.12/site-packages/mcfit/mcfit.py:130: UserWarning: use backend='jax' if desired
  warnings.warn("use backend='jax' if desired")
/home/mike/Proyectos/SSEE/.venv/lib/python3.12/site-packages/mcfit/mcfit.py:130: UserWarning: use backend='jax' if desired
  warnings.warn("use backend='jax' if desired")
/home/mike/Proyectos/SSEE/.venv/lib/python3.12/site-packages/mcfit/mcfit.py:130: UserWarning: use backend='jax' if desired
  warnings.warn("use backend='jax' if desired")
[1 : mcmc] Progress @ 2026-10-01 09:57:44 : 52739 steps taken, and 9328 accepted.
/home/mike/Proyectos/SSEE/.venv/lib/python3.12/site-packages/mcfit/mcfit.py:130: UserWarning: use backend='jax' if desired
  warnings.warn("use backend='jax' if desired")
[2 : mcmc] Progress @ 2026-10-01 09:57:44 : 50062 steps taken, and 8481 accepted.
/home/mike/Proyectos/SSEE/.venv/lib/python3.12/site-packages/mcfit/mcfit.py:130: UserWarning: use backend='jax' if desired
  warnings.warn("use backend='jax' if desired")
[3 : mcmc] Progress @ 2026-10-01 09:57:44 : 45530 steps taken, and 7936 accepted.
/home/mike/Proyectos/SSEE/.venv/lib/python3.12/site-packages/mcfit/mcfit.py:130: UserWarning: use backend='jax' if desired
  warnings.warn("use backend='jax' if desired")
[0 : mcmc] Progress @ 2026-10-01 09:57:44 : 44306 steps taken, and 8058 accepted.
/home/mike/Proyectos/SSEE/.venv/lib/python3.12/site-packages/mcfit/mcfit.py:130: UserWarning: use backend='jax' if desired
  warnings.warn("use backend='jax' if desired")
/home/mike/Proyectos/SSEE/.venv/lib/python3.12/site-packages/mcfit/mcfit.py:130: UserWarning: use backend='jax' if desired
  warnings.warn("use backend='jax' if desired")
/home/mike/Proyectos/SSEE/.venv/lib/python3.12/site-packages/mcfit/mcfit.py:130: UserWarning: use backend='jax' if desired
  warnings.warn("use backend='jax' if desired")
/home/mike/Proyectos/SSEE/.venv/lib/python3.12/site-packages/mcfit/mcfit.py:130: UserWarning: use backend='jax' if desired
  warnings.warn("use backend='jax' if desired")
/home/mike/Proyectos/SSEE/.venv/lib/python3.12/site-packages/mcfit/mcfit.py:130: UserWarning: use backend='jax' if desired
  warnings.warn("use backend='jax' if desired")
/home/mike/Proyectos/SSEE/.venv/lib/python3.12/site-packages/mcfit/mcfit.py:130: UserWarning: use backend='jax' if desired
  warnings.warn("use backend='jax' if desired")
/home/mike/Proyectos/SSEE/.venv/lib/python3.12/site-packages/mcfit/mcfit.py:130: UserWarning: use backend='jax' if desired
  warnings.warn("use backend='jax' if desired")
[1 : mcmc] Progress @ 2026-10-01 09:58:44 : 55460 steps taken, and 9696 accepted.
[2 : mcmc] Progress @ 2026-10-01 09:58:44 : 53224 steps taken, and 8903 accepted.
/home/mike/Proyectos/SSEE/.venv/lib/python3.12/site-packages/mcfit/mcfit.py:130: UserWarning: use backend='jax' if desired
  warnings.warn("use backend='jax' if desired")
[3 : mcmc] Progress @ 2026-10-01 09:58:44 : 47864 steps taken, and 8303 accepted.
/home/mike/Proyectos/SSEE/.venv/lib/python3.12/site-packages/mcfit/mcfit.py:130: UserWarning: use backend='jax' if desired
  warnings.warn("use backend='jax' if desired")
[0 : mcmc] Progress @ 2026-10-01 09:58:44 : 46552 steps taken, and 8352 accepted.
/home/mike/Proyectos/SSEE/.venv/lib/python3.12/site-packages/mcfit/mcfit.py:130: UserWarning: use backend='jax' if desired
  warnings.warn("use backend='jax' if desired")
[0 : mcmc] Learn + convergence test @ 8360 samples accepted.
[0 : mcmc] Ready to check convergence and learn a new proposal covmat (waiting for the rest...)
[3 : mcmc] Learn + convergence test @ 8360 samples accepted.
[3 : mcmc] Ready to check convergence and learn a new proposal covmat (waiting for the rest...)
[0 : mcmc] All chains are ready to check convergence and learn a new proposal covmat
[0 : mcmc]  - Acceptance rate: 0.142 = avg([0.1461, 0.1421, 0.1383, 0.1435])
[0 : mcmc]  - Convergence of means: R-1 = 0.163672 after 35443 accepted steps = sum([8392, 9744, 8947, 8360])
[0 : mcmc]  - Updated covariance matrix of proposal pdf.
/home/mike/Proyectos/SSEE/.venv/lib/python3.12/site-packages/mcfit/mcfit.py:130: UserWarning: use backend='jax' if desired
  warnings.warn("use backend='jax' if desired")
/home/mike/Proyectos/SSEE/.venv/lib/python3.12/site-packages/mcfit/mcfit.py:130: UserWarning: use backend='jax' if desired
  warnings.warn("use backend='jax' if desired")
/home/mike/Proyectos/SSEE/.venv/lib/python3.12/site-packages/mcfit/mcfit.py:130: UserWarning: use backend='jax' if desired
  warnings.warn("use backend='jax' if desired")
/home/mike/Proyectos/SSEE/.venv/lib/python3.12/site-packages/mcfit/mcfit.py:130: UserWarning: use backend='jax' if desired
  warnings.warn("use backend='jax' if desired")
[2 : mcmc] Learn + convergence test @ 9120 samples accepted.
[2 : mcmc] Ready to check convergence and learn a new proposal covmat (waiting for the rest...)
[1 : mcmc] Learn + convergence test @ 9880 samples accepted.
[1 : mcmc] Ready to check convergence and learn a new proposal covmat (waiting for the rest...)
/home/mike/Proyectos/SSEE/.venv/lib/python3.12/site-packages/mcfit/mcfit.py:130: UserWarning: use backend='jax' if desired
  warnings.warn("use backend='jax' if desired")
/home/mike/Proyectos/SSEE/.venv/lib/python3.12/site-packages/mcfit/mcfit.py:130: UserWarning: use backend='jax' if desired
  warnings.warn("use backend='jax' if desired")
/home/mike/Proyectos/SSEE/.venv/lib/python3.12/site-packages/mcfit/mcfit.py:130: UserWarning: use backend='jax' if desired
  warnings.warn("use backend='jax' if desired")
/home/mike/Proyectos/SSEE/.venv/lib/python3.12/site-packages/mcfit/mcfit.py:130: UserWarning: use backend='jax' if desired
  warnings.warn("use backend='jax' if desired")
[1 : mcmc] Progress @ 2026-10-01 09:59:44 : 58206 steps taken, and 10078 accepted.
/home/mike/Proyectos/SSEE/.venv/lib/python3.12/site-packages/mcfit/mcfit.py:130: UserWarning: use backend='jax' if desired
  warnings.warn("use backend='jax' if desired")
[2 : mcmc] Progress @ 2026-10-01 09:59:44 : 55907 steps taken, and 9261 accepted.
[3 : mcmc] Progress @ 2026-10-01 09:59:44 : 50072 steps taken, and 8659 accepted.
/home/mike/Proyectos/SSEE/.venv/lib/python3.12/site-packages/mcfit/mcfit.py:130: UserWarning: use backend='jax' if desired
  warnings.warn("use backend='jax' if desired")
/home/mike/Proyectos/SSEE/.venv/lib/python3.12/site-packages/mcfit/mcfit.py:130: UserWarning: use backend='jax' if desired
  warnings.warn("use backend='jax' if desired")
[0 : mcmc] Progress @ 2026-10-01 09:59:44 : 48737 steps taken, and 8639 accepted.
/home/mike/Proyectos/SSEE/.venv/lib/python3.12/site-packages/mcfit/mcfit.py:130: UserWarning: use backend='jax' if desired
  warnings.warn("use backend='jax' if desired")
/home/mike/Proyectos/SSEE/.venv/lib/python3.12/site-packages/mcfit/mcfit.py:130: UserWarning: use backend='jax' if desired
  warnings.warn("use backend='jax' if desired")
/home/mike/Proyectos/SSEE/.venv/lib/python3.12/site-packages/mcfit/mcfit.py:130: UserWarning: use backend='jax' if desired
  warnings.warn("use backend='jax' if desired")
/home/mike/Proyectos/SSEE/.venv/lib/python3.12/site-packages/mcfit/mcfit.py:130: UserWarning: use backend='jax' if desired
  warnings.warn("use backend='jax' if desired")
/home/mike/Proyectos/SSEE/.venv/lib/python3.12/site-packages/mcfit/mcfit.py:130: UserWarning: use backend='jax' if desired
  warnings.warn("use backend='jax' if desired")
/home/mike/Proyectos/SSEE/.venv/lib/python3.12/site-packages/mcfit/mcfit.py:130: UserWarning: use backend='jax' if desired
  warnings.warn("use backend='jax' if desired")
[1 : mcmc] Progress @ 2026-10-01 10:00:44 : 60347 steps taken, and 10403 accepted.
/home/mike/Proyectos/SSEE/.venv/lib/python3.12/site-packages/mcfit/mcfit.py:130: UserWarning: use backend='jax' if desired
  warnings.warn("use backend='jax' if desired")
[2 : mcmc] Progress @ 2026-10-01 10:00:44 : 58844 steps taken, and 9658 accepted.
/home/mike/Proyectos/SSEE/.venv/lib/python3.12/site-packages/mcfit/mcfit.py:130: UserWarning: use backend='jax' if desired
  warnings.warn("use backend='jax' if desired")
[3 : mcmc] Progress @ 2026-10-01 10:00:44 : 53196 steps taken, and 9064 accepted.
/home/mike/Proyectos/SSEE/.venv/lib/python3.12/site-packages/mcfit/mcfit.py:130: UserWarning: use backend='jax' if desired
  warnings.warn("use backend='jax' if desired")
[0 : mcmc] Progress @ 2026-10-01 10:00:44 : 50739 steps taken, and 8898 accepted.
/home/mike/Proyectos/SSEE/.venv/lib/python3.12/site-packages/mcfit/mcfit.py:130: UserWarning: use backend='jax' if desired
  warnings.warn("use backend='jax' if desired")
[3 : mcmc] Learn + convergence test @ 9120 samples accepted.
[3 : mcmc] Ready to check convergence and learn a new proposal covmat (waiting for the rest...)
/home/mike/Proyectos/SSEE/.venv/lib/python3.12/site-packages/mcfit/mcfit.py:130: UserWarning: use backend='jax' if desired
  warnings.warn("use backend='jax' if desired")
/home/mike/Proyectos/SSEE/.venv/lib/python3.12/site-packages/mcfit/mcfit.py:130: UserWarning: use backend='jax' if desired
  warnings.warn("use backend='jax' if desired")
[2 : mcmc] Learn + convergence test @ 9880 samples accepted.
/home/mike/Proyectos/SSEE/.venv/lib/python3.12/site-packages/mcfit/mcfit.py:130: UserWarning: use backend='jax' if desired
  warnings.warn("use backend='jax' if desired")
/home/mike/Proyectos/SSEE/.venv/lib/python3.12/site-packages/mcfit/mcfit.py:130: UserWarning: use backend='jax' if desired
  warnings.warn("use backend='jax' if desired")
[0 : mcmc] Learn + convergence test @ 9120 samples accepted.
[0 : mcmc] Ready to check convergence and learn a new proposal covmat (waiting for the rest...)
[0 : mcmc] All chains are ready to check convergence and learn a new proposal covmat
[0 : mcmc]  - Acceptance rate: 0.141 = avg([0.1426, 0.1416, 0.1366, 0.1430])
[0 : mcmc]  - Convergence of means: R-1 = 0.226242 after 38984 accepted steps = sum([9120, 10616, 9912, 9336])
[0 : mcmc]  - Updated covariance matrix of proposal pdf.
/home/mike/Proyectos/SSEE/.venv/lib/python3.12/site-packages/mcfit/mcfit.py:130: UserWarning: use backend='jax' if desired
  warnings.warn("use backend='jax' if desired")
/home/mike/Proyectos/SSEE/.venv/lib/python3.12/site-packages/mcfit/mcfit.py:130: UserWarning: use backend='jax' if desired
  warnings.warn("use backend='jax' if desired")
/home/mike/Proyectos/SSEE/.venv/lib/python3.12/site-packages/mcfit/mcfit.py:130: UserWarning: use backend='jax' if desired
  warnings.warn("use backend='jax' if desired")
/home/mike/Proyectos/SSEE/.venv/lib/python3.12/site-packages/mcfit/mcfit.py:130: UserWarning: use backend='jax' if desired
  warnings.warn("use backend='jax' if desired")
[1 : mcmc] Learn + convergence test @ 10640 samples accepted.
[1 : mcmc] Ready to check convergence and learn a new proposal covmat (waiting for the rest...)
[1 : mcmc] Progress @ 2026-10-01 10:01:44 : 62771 steps taken, and 10715 accepted.
/home/mike/Proyectos/SSEE/.venv/lib/python3.12/site-packages/mcfit/mcfit.py:130: UserWarning: use backend='jax' if desired
  warnings.warn("use backend='jax' if desired")
[2 : mcmc] Progress @ 2026-10-01 10:01:44 : 61485 steps taken, and 10006 accepted.
/home/mike/Proyectos/SSEE/.venv/lib/python3.12/site-packages/mcfit/mcfit.py:130: UserWarning: use backend='jax' if desired
  warnings.warn("use backend='jax' if desired")
[3 : mcmc] Progress @ 2026-10-01 10:01:44 : 55977 steps taken, and 9429 accepted.
/home/mike/Proyectos/SSEE/.venv/lib/python3.12/site-packages/mcfit/mcfit.py:130: UserWarning: use backend='jax' if desired
  warnings.warn("use backend='jax' if desired")
[0 : mcmc] Progress @ 2026-10-01 10:01:44 : 53037 steps taken, and 9214 accepted.
/home/mike/Proyectos/SSEE/.venv/lib/python3.12/site-packages/mcfit/mcfit.py:130: UserWarning: use backend='jax' if desired
  warnings.warn("use backend='jax' if desired")
/home/mike/Proyectos/SSEE/.venv/lib/python3.12/site-packages/mcfit/mcfit.py:130: UserWarning: use backend='jax' if desired
  warnings.warn("use backend='jax' if desired")
/home/mike/Proyectos/SSEE/.venv/lib/python3.12/site-packages/mcfit/mcfit.py:130: UserWarning: use backend='jax' if desired
  warnings.warn("use backend='jax' if desired")
/home/mike/Proyectos/SSEE/.venv/lib/python3.12/site-packages/mcfit/mcfit.py:130: UserWarning: use backend='jax' if desired
  warnings.warn("use backend='jax' if desired")
/home/mike/Proyectos/SSEE/.venv/lib/python3.12/site-packages/mcfit/mcfit.py:130: UserWarning: use backend='jax' if desired
  warnings.warn("use backend='jax' if desired")
/home/mike/Proyectos/SSEE/.venv/lib/python3.12/site-packages/mcfit/mcfit.py:130: UserWarning: use backend='jax' if desired
  warnings.warn("use backend='jax' if desired")
[1 : mcmc] Progress @ 2026-10-01 10:02:44 : 64754 steps taken, and 10978 accepted.
/home/mike/Proyectos/SSEE/.venv/lib/python3.12/site-packages/mcfit/mcfit.py:130: UserWarning: use backend='jax' if desired
  warnings.warn("use backend='jax' if desired")
[2 : mcmc] Progress @ 2026-10-01 10:02:44 : 64939 steps taken, and 10484 accepted.
/home/mike/Proyectos/SSEE/.venv/lib/python3.12/site-packages/mcfit/mcfit.py:130: UserWarning: use backend='jax' if desired
  warnings.warn("use backend='jax' if desired")
[3 : mcmc] Progress @ 2026-10-01 10:02:44 : 58187 steps taken, and 9745 accepted.
/home/mike/Proyectos/SSEE/.venv/lib/python3.12/site-packages/mcfit/mcfit.py:130: UserWarning: use backend='jax' if desired
  warnings.warn("use backend='jax' if desired")
[0 : mcmc] Progress @ 2026-10-01 10:02:44 : 54988 steps taken, and 9463 accepted.
/home/mike/Proyectos/SSEE/.venv/lib/python3.12/site-packages/mcfit/mcfit.py:130: UserWarning: use backend='jax' if desired
  warnings.warn("use backend='jax' if desired")
[2 : mcmc] Learn + convergence test @ 10640 samples accepted.
[2 : mcmc] Ready to check convergence and learn a new proposal covmat (waiting for the rest...)
[3 : mcmc] Learn + convergence test @ 9880 samples accepted.
[3 : mcmc] Ready to check convergence and learn a new proposal covmat (waiting for the rest...)
/home/mike/Proyectos/SSEE/.venv/lib/python3.12/site-packages/mcfit/mcfit.py:130: UserWarning: use backend='jax' if desired
  warnings.warn("use backend='jax' if desired")
/home/mike/Proyectos/SSEE/.venv/lib/python3.12/site-packages/mcfit/mcfit.py:130: UserWarning: use backend='jax' if desired
  warnings.warn("use backend='jax' if desired")
/home/mike/Proyectos/SSEE/.venv/lib/python3.12/site-packages/mcfit/mcfit.py:130: UserWarning: use backend='jax' if desired
  warnings.warn("use backend='jax' if desired")
/home/mike/Proyectos/SSEE/.venv/lib/python3.12/site-packages/mcfit/mcfit.py:130: UserWarning: use backend='jax' if desired
  warnings.warn("use backend='jax' if desired")
/home/mike/Proyectos/SSEE/.venv/lib/python3.12/site-packages/mcfit/mcfit.py:130: UserWarning: use backend='jax' if desired
  warnings.warn("use backend='jax' if desired")
[1 : mcmc] Progress @ 2026-10-01 10:03:44 : 67101 steps taken, and 11262 accepted.
/home/mike/Proyectos/SSEE/.venv/lib/python3.12/site-packages/mcfit/mcfit.py:130: UserWarning: use backend='jax' if desired
  warnings.warn("use backend='jax' if desired")
[3 : mcmc] Progress @ 2026-10-01 10:03:44 : 60412 steps taken, and 10087 accepted.
/home/mike/Proyectos/SSEE/.venv/lib/python3.12/site-packages/mcfit/mcfit.py:130: UserWarning: use backend='jax' if desired
  warnings.warn("use backend='jax' if desired")
[2 : mcmc] Progress @ 2026-10-01 10:03:44 : 68087 steps taken, and 10891 accepted.
/home/mike/Proyectos/SSEE/.venv/lib/python3.12/site-packages/mcfit/mcfit.py:130: UserWarning: use backend='jax' if desired
  warnings.warn("use backend='jax' if desired")
[0 : mcmc] Progress @ 2026-10-01 10:03:44 : 57254 steps taken, and 9786 accepted.
/home/mike/Proyectos/SSEE/.venv/lib/python3.12/site-packages/mcfit/mcfit.py:130: UserWarning: use backend='jax' if desired
  warnings.warn("use backend='jax' if desired")
[1 : mcmc] Learn + convergence test @ 11400 samples accepted.
[0 : mcmc] Learn + convergence test @ 9880 samples accepted.
[0 : mcmc] Ready to check convergence and learn a new proposal covmat (waiting for the rest...)
[0 : mcmc] All chains are ready to check convergence and learn a new proposal covmat
[0 : mcmc]  - Acceptance rate: 0.139 = avg([0.1403, 0.1381, 0.1357, 0.1429])
[0 : mcmc]  - Convergence of means: R-1 = 0.225722 after 42566 accepted steps = sum([9880, 11409, 11051, 10226])
[0 : mcmc]  - Updated covariance matrix of proposal pdf.
/home/mike/Proyectos/SSEE/.venv/lib/python3.12/site-packages/mcfit/mcfit.py:130: UserWarning: use backend='jax' if desired
  warnings.warn("use backend='jax' if desired")
/home/mike/Proyectos/SSEE/.venv/lib/python3.12/site-packages/mcfit/mcfit.py:130: UserWarning: use backend='jax' if desired
  warnings.warn("use backend='jax' if desired")
/home/mike/Proyectos/SSEE/.venv/lib/python3.12/site-packages/mcfit/mcfit.py:130: UserWarning: use backend='jax' if desired
  warnings.warn("use backend='jax' if desired")
/home/mike/Proyectos/SSEE/.venv/lib/python3.12/site-packages/mcfit/mcfit.py:130: UserWarning: use backend='jax' if desired
  warnings.warn("use backend='jax' if desired")
/home/mike/Proyectos/SSEE/.venv/lib/python3.12/site-packages/mcfit/mcfit.py:130: UserWarning: use backend='jax' if desired
  warnings.warn("use backend='jax' if desired")
/home/mike/Proyectos/SSEE/.venv/lib/python3.12/site-packages/mcfit/mcfit.py:130: UserWarning: use backend='jax' if desired
  warnings.warn("use backend='jax' if desired")
/home/mike/Proyectos/SSEE/.venv/lib/python3.12/site-packages/mcfit/mcfit.py:130: UserWarning: use backend='jax' if desired
  warnings.warn("use backend='jax' if desired")
/home/mike/Proyectos/SSEE/.venv/lib/python3.12/site-packages/mcfit/mcfit.py:130: UserWarning: use backend='jax' if desired
  warnings.warn("use backend='jax' if desired")
[1 : mcmc] Progress @ 2026-10-01 10:04:44 : 70058 steps taken, and 11697 accepted.
/home/mike/Proyectos/SSEE/.venv/lib/python3.12/site-packages/mcfit/mcfit.py:130: UserWarning: use backend='jax' if desired
  warnings.warn("use backend='jax' if desired")
[3 : mcmc] Progress @ 2026-10-01 10:04:44 : 62666 steps taken, and 10440 accepted.
/home/mike/Proyectos/SSEE/.venv/lib/python3.12/site-packages/mcfit/mcfit.py:130: UserWarning: use backend='jax' if desired
  warnings.warn("use backend='jax' if desired")
[2 : mcmc] Progress @ 2026-10-01 10:04:44 : 71512 steps taken, and 11360 accepted.
/home/mike/Proyectos/SSEE/.venv/lib/python3.12/site-packages/mcfit/mcfit.py:130: UserWarning: use backend='jax' if desired
  warnings.warn("use backend='jax' if desired")
[0 : mcmc] Progress @ 2026-10-01 10:04:44 : 59475 steps taken, and 10107 accepted.
/home/mike/Proyectos/SSEE/.venv/lib/python3.12/site-packages/mcfit/mcfit.py:130: UserWarning: use backend='jax' if desired
  warnings.warn("use backend='jax' if desired")
[2 : mcmc] Learn + convergence test @ 11400 samples accepted.
[2 : mcmc] Ready to check convergence and learn a new proposal covmat (waiting for the rest...)
/home/mike/Proyectos/SSEE/.venv/lib/python3.12/site-packages/mcfit/mcfit.py:130: UserWarning: use backend='jax' if desired
  warnings.warn("use backend='jax' if desired")
[3 : mcmc] Learn + convergence test @ 10640 samples accepted.
[3 : mcmc] Ready to check convergence and learn a new proposal covmat (waiting for the rest...)
/home/mike/Proyectos/SSEE/.venv/lib/python3.12/site-packages/mcfit/mcfit.py:130: UserWarning: use backend='jax' if desired
  warnings.warn("use backend='jax' if desired")
/home/mike/Proyectos/SSEE/.venv/lib/python3.12/site-packages/mcfit/mcfit.py:130: UserWarning: use backend='jax' if desired
  warnings.warn("use backend='jax' if desired")
/home/mike/Proyectos/SSEE/.venv/lib/python3.12/site-packages/mcfit/mcfit.py:130: UserWarning: use backend='jax' if desired
  warnings.warn("use backend='jax' if desired")
[1 : mcmc] Progress @ 2026-10-01 10:05:44 : 72570 steps taken, and 12046 accepted.
/home/mike/Proyectos/SSEE/.venv/lib/python3.12/site-packages/mcfit/mcfit.py:130: UserWarning: use backend='jax' if desired
  warnings.warn("use backend='jax' if desired")
[3 : mcmc] Progress @ 2026-10-01 10:05:44 : 65272 steps taken, and 10809 accepted.
/home/mike/Proyectos/SSEE/.venv/lib/python3.12/site-packages/mcfit/mcfit.py:130: UserWarning: use backend='jax' if desired
  warnings.warn("use backend='jax' if desired")
[2 : mcmc] Progress @ 2026-10-01 10:05:44 : 73963 steps taken, and 11699 accepted.
/home/mike/Proyectos/SSEE/.venv/lib/python3.12/site-packages/mcfit/mcfit.py:130: UserWarning: use backend='jax' if desired
  warnings.warn("use backend='jax' if desired")
[0 : mcmc] Progress @ 2026-10-01 10:05:44 : 61908 steps taken, and 10447 accepted.
/home/mike/Proyectos/SSEE/.venv/lib/python3.12/site-packages/mcfit/mcfit.py:130: UserWarning: use backend='jax' if desired
  warnings.warn("use backend='jax' if desired")
[1 : mcmc] Learn + convergence test @ 12160 samples accepted.
[1 : mcmc] Ready to check convergence and learn a new proposal covmat (waiting for the rest...)
[0 : mcmc] Learn + convergence test @ 10640 samples accepted.
[0 : mcmc] Ready to check convergence and learn a new proposal covmat (waiting for the rest...)
[0 : mcmc] All chains are ready to check convergence and learn a new proposal covmat
[0 : mcmc]  - Acceptance rate: 0.139 = avg([0.1412, 0.1380, 0.1350, 0.1413])
[0 : mcmc]  - Convergence of means: R-1 = 0.218196 after 45585 accepted steps = sum([10640, 12225, 11807, 10913])
[0 : mcmc]  - Updated covariance matrix of proposal pdf.
/home/mike/Proyectos/SSEE/.venv/lib/python3.12/site-packages/mcfit/mcfit.py:130: UserWarning: use backend='jax' if desired
  warnings.warn("use backend='jax' if desired")
/home/mike/Proyectos/SSEE/.venv/lib/python3.12/site-packages/mcfit/mcfit.py:130: UserWarning: use backend='jax' if desired
  warnings.warn("use backend='jax' if desired")
/home/mike/Proyectos/SSEE/.venv/lib/python3.12/site-packages/mcfit/mcfit.py:130: UserWarning: use backend='jax' if desired
  warnings.warn("use backend='jax' if desired")
/home/mike/Proyectos/SSEE/.venv/lib/python3.12/site-packages/mcfit/mcfit.py:130: UserWarning: use backend='jax' if desired
  warnings.warn("use backend='jax' if desired")
/home/mike/Proyectos/SSEE/.venv/lib/python3.12/site-packages/mcfit/mcfit.py:130: UserWarning: use backend='jax' if desired
  warnings.warn("use backend='jax' if desired")
[1 : mcmc] Progress @ 2026-10-01 10:06:44 : 75085 steps taken, and 12395 accepted.
/home/mike/Proyectos/SSEE/.venv/lib/python3.12/site-packages/mcfit/mcfit.py:130: UserWarning: use backend='jax' if desired
  warnings.warn("use backend='jax' if desired")
[2 : mcmc] Progress @ 2026-10-01 10:06:44 : 76427 steps taken, and 12006 accepted.
/home/mike/Proyectos/SSEE/.venv/lib/python3.12/site-packages/mcfit/mcfit.py:130: UserWarning: use backend='jax' if desired
  warnings.warn("use backend='jax' if desired")
[3 : mcmc] Progress @ 2026-10-01 10:06:44 : 67853 steps taken, and 11137 accepted.
/home/mike/Proyectos/SSEE/.venv/lib/python3.12/site-packages/mcfit/mcfit.py:130: UserWarning: use backend='jax' if desired
  warnings.warn("use backend='jax' if desired")
[0 : mcmc] Progress @ 2026-10-01 10:06:44 : 64594 steps taken, and 10805 accepted.
/home/mike/Proyectos/SSEE/.venv/lib/python3.12/site-packages/mcfit/mcfit.py:130: UserWarning: use backend='jax' if desired
  warnings.warn("use backend='jax' if desired")
[2 : mcmc] Learn + convergence test @ 12160 samples accepted.
[2 : mcmc] Ready to check convergence and learn a new proposal covmat (waiting for the rest...)
/home/mike/Proyectos/SSEE/.venv/lib/python3.12/site-packages/mcfit/mcfit.py:130: UserWarning: use backend='jax' if desired
  warnings.warn("use backend='jax' if desired")
/home/mike/Proyectos/SSEE/.venv/lib/python3.12/site-packages/mcfit/mcfit.py:130: UserWarning: use backend='jax' if desired
  warnings.warn("use backend='jax' if desired")
[3 : mcmc] Learn + convergence test @ 11400 samples accepted.
[3 : mcmc] Ready to check convergence and learn a new proposal covmat (waiting for the rest...)
/home/mike/Proyectos/SSEE/.venv/lib/python3.12/site-packages/mcfit/mcfit.py:130: UserWarning: use backend='jax' if desired
  warnings.warn("use backend='jax' if desired")
/home/mike/Proyectos/SSEE/.venv/lib/python3.12/site-packages/mcfit/mcfit.py:130: UserWarning: use backend='jax' if desired
  warnings.warn("use backend='jax' if desired")
[1 : mcmc] Progress @ 2026-10-01 10:07:44 : 77402 steps taken, and 12693 accepted.
/home/mike/Proyectos/SSEE/.venv/lib/python3.12/site-packages/mcfit/mcfit.py:130: UserWarning: use backend='jax' if desired
  warnings.warn("use backend='jax' if desired")
[2 : mcmc] Progress @ 2026-10-01 10:07:44 : 78887 steps taken, and 12358 accepted.
/home/mike/Proyectos/SSEE/.venv/lib/python3.12/site-packages/mcfit/mcfit.py:130: UserWarning: use backend='jax' if desired
  warnings.warn("use backend='jax' if desired")
[0 : mcmc] Progress @ 2026-10-01 10:07:44 : 66765 steps taken, and 11081 accepted.
/home/mike/Proyectos/SSEE/.venv/lib/python3.12/site-packages/mcfit/mcfit.py:130: UserWarning: use backend='jax' if desired
  warnings.warn("use backend='jax' if desired")
[3 : mcmc] Progress @ 2026-10-01 10:07:44 : 70657 steps taken, and 11514 accepted.
/home/mike/Proyectos/SSEE/.venv/lib/python3.12/site-packages/mcfit/mcfit.py:130: UserWarning: use backend='jax' if desired
  warnings.warn("use backend='jax' if desired")
/home/mike/Proyectos/SSEE/.venv/lib/python3.12/site-packages/mcfit/mcfit.py:130: UserWarning: use backend='jax' if desired
  warnings.warn("use backend='jax' if desired")
/home/mike/Proyectos/SSEE/.venv/lib/python3.12/site-packages/mcfit/mcfit.py:130: UserWarning: use backend='jax' if desired
  warnings.warn("use backend='jax' if desired")
/home/mike/Proyectos/SSEE/.venv/lib/python3.12/site-packages/mcfit/mcfit.py:130: UserWarning: use backend='jax' if desired
  warnings.warn("use backend='jax' if desired")
[1 : mcmc] Learn + convergence test @ 12920 samples accepted.
[1 : mcmc] Ready to check convergence and learn a new proposal covmat (waiting for the rest...)
/home/mike/Proyectos/SSEE/.venv/lib/python3.12/site-packages/mcfit/mcfit.py:130: UserWarning: use backend='jax' if desired
  warnings.warn("use backend='jax' if desired")
/home/mike/Proyectos/SSEE/.venv/lib/python3.12/site-packages/mcfit/mcfit.py:130: UserWarning: use backend='jax' if desired
  warnings.warn("use backend='jax' if desired")
[2 : mcmc] Progress @ 2026-10-01 10:08:44 : 81382 steps taken, and 12728 accepted.
/home/mike/Proyectos/SSEE/.venv/lib/python3.12/site-packages/mcfit/mcfit.py:130: UserWarning: use backend='jax' if desired
  warnings.warn("use backend='jax' if desired")
[1 : mcmc] Progress @ 2026-10-01 10:08:44 : 79345 steps taken, and 13024 accepted.
/home/mike/Proyectos/SSEE/.venv/lib/python3.12/site-packages/mcfit/mcfit.py:130: UserWarning: use backend='jax' if desired
  warnings.warn("use backend='jax' if desired")
[3 : mcmc] Progress @ 2026-10-01 10:08:44 : 73775 steps taken, and 11974 accepted.
/home/mike/Proyectos/SSEE/.venv/lib/python3.12/site-packages/mcfit/mcfit.py:130: UserWarning: use backend='jax' if desired
  warnings.warn("use backend='jax' if desired")
[0 : mcmc] Progress @ 2026-10-01 10:08:44 : 68733 steps taken, and 11345 accepted.
/home/mike/Proyectos/SSEE/.venv/lib/python3.12/site-packages/mcfit/mcfit.py:130: UserWarning: use backend='jax' if desired
  warnings.warn("use backend='jax' if desired")
[0 : mcmc] Learn + convergence test @ 11400 samples accepted.
[0 : mcmc] Ready to check convergence and learn a new proposal covmat (waiting for the rest...)
[0 : mcmc] All chains are ready to check convergence and learn a new proposal covmat
[0 : mcmc]  - Acceptance rate: 0.139 = avg([0.1396, 0.1392, 0.1361, 0.1418])
[0 : mcmc]  - Convergence of means: R-1 = 0.205685 after 49380 accepted steps = sum([11400, 13103, 12795, 12082])
[0 : mcmc]  - Updated covariance matrix of proposal pdf.
/home/mike/Proyectos/SSEE/.venv/lib/python3.12/site-packages/mcfit/mcfit.py:130: UserWarning: use backend='jax' if desired
  warnings.warn("use backend='jax' if desired")
/home/mike/Proyectos/SSEE/.venv/lib/python3.12/site-packages/mcfit/mcfit.py:130: UserWarning: use backend='jax' if desired
  warnings.warn("use backend='jax' if desired")
/home/mike/Proyectos/SSEE/.venv/lib/python3.12/site-packages/mcfit/mcfit.py:130: UserWarning: use backend='jax' if desired
  warnings.warn("use backend='jax' if desired")
/home/mike/Proyectos/SSEE/.venv/lib/python3.12/site-packages/mcfit/mcfit.py:130: UserWarning: use backend='jax' if desired
  warnings.warn("use backend='jax' if desired")
[3 : mcmc] Learn + convergence test @ 12160 samples accepted.
[3 : mcmc] Ready to check convergence and learn a new proposal covmat (waiting for the rest...)
[2 : mcmc] Learn + convergence test @ 12920 samples accepted.
[2 : mcmc] Ready to check convergence and learn a new proposal covmat (waiting for the rest...)
/home/mike/Proyectos/SSEE/.venv/lib/python3.12/site-packages/mcfit/mcfit.py:130: UserWarning: use backend='jax' if desired
  warnings.warn("use backend='jax' if desired")
/home/mike/Proyectos/SSEE/.venv/lib/python3.12/site-packages/mcfit/mcfit.py:130: UserWarning: use backend='jax' if desired
  warnings.warn("use backend='jax' if desired")
/home/mike/Proyectos/SSEE/.venv/lib/python3.12/site-packages/mcfit/mcfit.py:130: UserWarning: use backend='jax' if desired
  warnings.warn("use backend='jax' if desired")
/home/mike/Proyectos/SSEE/.venv/lib/python3.12/site-packages/mcfit/mcfit.py:130: UserWarning: use backend='jax' if desired
  warnings.warn("use backend='jax' if desired")
[1 : mcmc] Progress @ 2026-10-01 10:09:44 : 81338 steps taken, and 13325 accepted.
/home/mike/Proyectos/SSEE/.venv/lib/python3.12/site-packages/mcfit/mcfit.py:130: UserWarning: use backend='jax' if desired
  warnings.warn("use backend='jax' if desired")
[2 : mcmc] Progress @ 2026-10-01 10:09:44 : 83653 steps taken, and 13050 accepted.
/home/mike/Proyectos/SSEE/.venv/lib/python3.12/site-packages/mcfit/mcfit.py:130: UserWarning: use backend='jax' if desired
  warnings.warn("use backend='jax' if desired")
[3 : mcmc] Progress @ 2026-10-01 10:09:44 : 77241 steps taken, and 12455 accepted.
/home/mike/Proyectos/SSEE/.venv/lib/python3.12/site-packages/mcfit/mcfit.py:130: UserWarning: use backend='jax' if desired
  warnings.warn("use backend='jax' if desired")
[0 : mcmc] Progress @ 2026-10-01 10:09:44 : 70678 steps taken, and 11642 accepted.
/home/mike/Proyectos/SSEE/.venv/lib/python3.12/site-packages/mcfit/mcfit.py:130: UserWarning: use backend='jax' if desired
  warnings.warn("use backend='jax' if desired")
/home/mike/Proyectos/SSEE/.venv/lib/python3.12/site-packages/mcfit/mcfit.py:130: UserWarning: use backend='jax' if desired
  warnings.warn("use backend='jax' if desired")
/home/mike/Proyectos/SSEE/.venv/lib/python3.12/site-packages/mcfit/mcfit.py:130: UserWarning: use backend='jax' if desired
  warnings.warn("use backend='jax' if desired")
/home/mike/Proyectos/SSEE/.venv/lib/python3.12/site-packages/mcfit/mcfit.py:130: UserWarning: use backend='jax' if desired
  warnings.warn("use backend='jax' if desired")
/home/mike/Proyectos/SSEE/.venv/lib/python3.12/site-packages/mcfit/mcfit.py:130: UserWarning: use backend='jax' if desired
  warnings.warn("use backend='jax' if desired")
/home/mike/Proyectos/SSEE/.venv/lib/python3.12/site-packages/mcfit/mcfit.py:130: UserWarning: use backend='jax' if desired
  warnings.warn("use backend='jax' if desired")
[3 : mcmc] Learn + convergence test @ 12920 samples accepted.
[1 : mcmc] Progress @ 2026-10-01 10:10:44 : 83306 steps taken, and 13610 accepted.
/home/mike/Proyectos/SSEE/.venv/lib/python3.12/site-packages/mcfit/mcfit.py:130: UserWarning: use backend='jax' if desired
  warnings.warn("use backend='jax' if desired")
[2 : mcmc] Progress @ 2026-10-01 10:10:44 : 85963 steps taken, and 13357 accepted.
/home/mike/Proyectos/SSEE/.venv/lib/python3.12/site-packages/mcfit/mcfit.py:130: UserWarning: use backend='jax' if desired
  warnings.warn("use backend='jax' if desired")
[3 : mcmc] Progress @ 2026-10-01 10:10:44 : 80676 steps taken, and 12992 accepted.
/home/mike/Proyectos/SSEE/.venv/lib/python3.12/site-packages/mcfit/mcfit.py:130: UserWarning: use backend='jax' if desired
  warnings.warn("use backend='jax' if desired")
[0 : mcmc] Progress @ 2026-10-01 10:10:44 : 72628 steps taken, and 11958 accepted.
/home/mike/Proyectos/SSEE/.venv/lib/python3.12/site-packages/mcfit/mcfit.py:130: UserWarning: use backend='jax' if desired
  warnings.warn("use backend='jax' if desired")
[1 : mcmc] Learn + convergence test @ 13680 samples accepted.
[1 : mcmc] Ready to check convergence and learn a new proposal covmat (waiting for the rest...)
/home/mike/Proyectos/SSEE/.venv/lib/python3.12/site-packages/mcfit/mcfit.py:130: UserWarning: use backend='jax' if desired
  warnings.warn("use backend='jax' if desired")
/home/mike/Proyectos/SSEE/.venv/lib/python3.12/site-packages/mcfit/mcfit.py:130: UserWarning: use backend='jax' if desired
  warnings.warn("use backend='jax' if desired")
/home/mike/Proyectos/SSEE/.venv/lib/python3.12/site-packages/mcfit/mcfit.py:130: UserWarning: use backend='jax' if desired
  warnings.warn("use backend='jax' if desired")
/home/mike/Proyectos/SSEE/.venv/lib/python3.12/site-packages/mcfit/mcfit.py:130: UserWarning: use backend='jax' if desired
  warnings.warn("use backend='jax' if desired")
[0 : mcmc] Learn + convergence test @ 12160 samples accepted.
[0 : mcmc] Ready to check convergence and learn a new proposal covmat (waiting for the rest...)
[0 : mcmc] All chains are ready to check convergence and learn a new proposal covmat
[0 : mcmc]  - Acceptance rate: 0.139 = avg([0.1389, 0.1389, 0.1359, 0.1429])
[0 : mcmc]  - Convergence of means: R-1 = 0.191313 after 52924 accepted steps = sum([12160, 13893, 13610, 13261])
[0 : mcmc]  - Updated covariance matrix of proposal pdf.
/home/mike/Proyectos/SSEE/.venv/lib/python3.12/site-packages/mcfit/mcfit.py:130: UserWarning: use backend='jax' if desired
  warnings.warn("use backend='jax' if desired")
/home/mike/Proyectos/SSEE/.venv/lib/python3.12/site-packages/mcfit/mcfit.py:130: UserWarning: use backend='jax' if desired
  warnings.warn("use backend='jax' if desired")
/home/mike/Proyectos/SSEE/.venv/lib/python3.12/site-packages/mcfit/mcfit.py:130: UserWarning: use backend='jax' if desired
  warnings.warn("use backend='jax' if desired")
/home/mike/Proyectos/SSEE/.venv/lib/python3.12/site-packages/mcfit/mcfit.py:130: UserWarning: use backend='jax' if desired
  warnings.warn("use backend='jax' if desired")
[2 : mcmc] Learn + convergence test @ 13680 samples accepted.
[2 : mcmc] Ready to check convergence and learn a new proposal covmat (waiting for the rest...)
[1 : mcmc] Progress @ 2026-10-01 10:11:44 : 86155 steps taken, and 13993 accepted.
/home/mike/Proyectos/SSEE/.venv/lib/python3.12/site-packages/mcfit/mcfit.py:130: UserWarning: use backend='jax' if desired
  warnings.warn("use backend='jax' if desired")
[2 : mcmc] Progress @ 2026-10-01 10:11:44 : 88513 steps taken, and 13705 accepted.
/home/mike/Proyectos/SSEE/.venv/lib/python3.12/site-packages/mcfit/mcfit.py:130: UserWarning: use backend='jax' if desired
  warnings.warn("use backend='jax' if desired")
[3 : mcmc] Progress @ 2026-10-01 10:11:44 : 82992 steps taken, and 13344 accepted.
/home/mike/Proyectos/SSEE/.venv/lib/python3.12/site-packages/mcfit/mcfit.py:130: UserWarning: use backend='jax' if desired
  warnings.warn("use backend='jax' if desired")
[0 : mcmc] Progress @ 2026-10-01 10:11:44 : 75115 steps taken, and 12253 accepted.
/home/mike/Proyectos/SSEE/.venv/lib/python3.12/site-packages/mcfit/mcfit.py:130: UserWarning: use backend='jax' if desired
  warnings.warn("use backend='jax' if desired")
/home/mike/Proyectos/SSEE/.venv/lib/python3.12/site-packages/mcfit/mcfit.py:130: UserWarning: use backend='jax' if desired
  warnings.warn("use backend='jax' if desired")
/home/mike/Proyectos/SSEE/.venv/lib/python3.12/site-packages/mcfit/mcfit.py:130: UserWarning: use backend='jax' if desired
  warnings.warn("use backend='jax' if desired")
/home/mike/Proyectos/SSEE/.venv/lib/python3.12/site-packages/mcfit/mcfit.py:130: UserWarning: use backend='jax' if desired
  warnings.warn("use backend='jax' if desired")
/home/mike/Proyectos/SSEE/.venv/lib/python3.12/site-packages/mcfit/mcfit.py:130: UserWarning: use backend='jax' if desired
  warnings.warn("use backend='jax' if desired")
[3 : mcmc] Learn + convergence test @ 13680 samples accepted.
[3 : mcmc] Ready to check convergence and learn a new proposal covmat (waiting for the rest...)
/home/mike/Proyectos/SSEE/.venv/lib/python3.12/site-packages/mcfit/mcfit.py:130: UserWarning: use backend='jax' if desired
  warnings.warn("use backend='jax' if desired")
/home/mike/Proyectos/SSEE/.venv/lib/python3.12/site-packages/mcfit/mcfit.py:130: UserWarning: use backend='jax' if desired
  warnings.warn("use backend='jax' if desired")
[1 : mcmc] Progress @ 2026-10-01 10:12:44 : 88267 steps taken, and 14273 accepted.
/home/mike/Proyectos/SSEE/.venv/lib/python3.12/site-packages/mcfit/mcfit.py:130: UserWarning: use backend='jax' if desired
  warnings.warn("use backend='jax' if desired")
[2 : mcmc] Progress @ 2026-10-01 10:12:44 : 91903 steps taken, and 14184 accepted.
/home/mike/Proyectos/SSEE/.venv/lib/python3.12/site-packages/mcfit/mcfit.py:130: UserWarning: use backend='jax' if desired
  warnings.warn("use backend='jax' if desired")
[3 : mcmc] Progress @ 2026-10-01 10:12:44 : 86342 steps taken, and 13779 accepted.
/home/mike/Proyectos/SSEE/.venv/lib/python3.12/site-packages/mcfit/mcfit.py:130: UserWarning: use backend='jax' if desired
  warnings.warn("use backend='jax' if desired")
[0 : mcmc] Progress @ 2026-10-01 10:12:44 : 77138 steps taken, and 12572 accepted.
/home/mike/Proyectos/SSEE/.venv/lib/python3.12/site-packages/mcfit/mcfit.py:130: UserWarning: use backend='jax' if desired
  warnings.warn("use backend='jax' if desired")
/home/mike/Proyectos/SSEE/.venv/lib/python3.12/site-packages/mcfit/mcfit.py:130: UserWarning: use backend='jax' if desired
  warnings.warn("use backend='jax' if desired")
[2 : mcmc] Learn + convergence test @ 14440 samples accepted.
/home/mike/Proyectos/SSEE/.venv/lib/python3.12/site-packages/mcfit/mcfit.py:130: UserWarning: use backend='jax' if desired
  warnings.warn("use backend='jax' if desired")
/home/mike/Proyectos/SSEE/.venv/lib/python3.12/site-packages/mcfit/mcfit.py:130: UserWarning: use backend='jax' if desired
  warnings.warn("use backend='jax' if desired")
[1 : mcmc] Learn + convergence test @ 14440 samples accepted.
[1 : mcmc] Ready to check convergence and learn a new proposal covmat (waiting for the rest...)
/home/mike/Proyectos/SSEE/.venv/lib/python3.12/site-packages/mcfit/mcfit.py:130: UserWarning: use backend='jax' if desired
  warnings.warn("use backend='jax' if desired")
/home/mike/Proyectos/SSEE/.venv/lib/python3.12/site-packages/mcfit/mcfit.py:130: UserWarning: use backend='jax' if desired
  warnings.warn("use backend='jax' if desired")
[0 : mcmc] Learn + convergence test @ 12920 samples accepted.
[0 : mcmc] Ready to check convergence and learn a new proposal covmat (waiting for the rest...)
[0 : mcmc] All chains are ready to check convergence and learn a new proposal covmat
/home/mike/Proyectos/SSEE/.venv/lib/python3.12/site-packages/mcfit/mcfit.py:130: UserWarning: use backend='jax' if desired
  warnings.warn("use backend='jax' if desired")
[0 : mcmc]  - Acceptance rate: 0.139 = avg([0.1391, 0.1381, 0.1359, 0.1414])
[0 : mcmc]  - Convergence of means: R-1 = 0.164056 after 56271 accepted steps = sum([12920, 14581, 14589, 14181])
[0 : mcmc]  - Updated covariance matrix of proposal pdf.
/home/mike/Proyectos/SSEE/.venv/lib/python3.12/site-packages/mcfit/mcfit.py:130: UserWarning: use backend='jax' if desired
  warnings.warn("use backend='jax' if desired")
/home/mike/Proyectos/SSEE/.venv/lib/python3.12/site-packages/mcfit/mcfit.py:130: UserWarning: use backend='jax' if desired
  warnings.warn("use backend='jax' if desired")
/home/mike/Proyectos/SSEE/.venv/lib/python3.12/site-packages/mcfit/mcfit.py:130: UserWarning: use backend='jax' if desired
  warnings.warn("use backend='jax' if desired")
/home/mike/Proyectos/SSEE/.venv/lib/python3.12/site-packages/mcfit/mcfit.py:130: UserWarning: use backend='jax' if desired
  warnings.warn("use backend='jax' if desired")
[1 : mcmc] Progress @ 2026-10-01 10:13:44 : 90717 steps taken, and 14606 accepted.
/home/mike/Proyectos/SSEE/.venv/lib/python3.12/site-packages/mcfit/mcfit.py:130: UserWarning: use backend='jax' if desired
  warnings.warn("use backend='jax' if desired")
[2 : mcmc] Progress @ 2026-10-01 10:13:44 : 94581 steps taken, and 14607 accepted.
/home/mike/Proyectos/SSEE/.venv/lib/python3.12/site-packages/mcfit/mcfit.py:130: UserWarning: use backend='jax' if desired
  warnings.warn("use backend='jax' if desired")
[3 : mcmc] Progress @ 2026-10-01 10:13:44 : 89453 steps taken, and 14195 accepted.
/home/mike/Proyectos/SSEE/.venv/lib/python3.12/site-packages/mcfit/mcfit.py:130: UserWarning: use backend='jax' if desired
  warnings.warn("use backend='jax' if desired")
[0 : mcmc] Progress @ 2026-10-01 10:13:44 : 79841 steps taken, and 12949 accepted.
/home/mike/Proyectos/SSEE/.venv/lib/python3.12/site-packages/mcfit/mcfit.py:130: UserWarning: use backend='jax' if desired
  warnings.warn("use backend='jax' if desired")
/home/mike/Proyectos/SSEE/.venv/lib/python3.12/site-packages/mcfit/mcfit.py:130: UserWarning: use backend='jax' if desired
  warnings.warn("use backend='jax' if desired")
/home/mike/Proyectos/SSEE/.venv/lib/python3.12/site-packages/mcfit/mcfit.py:130: UserWarning: use backend='jax' if desired
  warnings.warn("use backend='jax' if desired")
/home/mike/Proyectos/SSEE/.venv/lib/python3.12/site-packages/mcfit/mcfit.py:130: UserWarning: use backend='jax' if desired
  warnings.warn("use backend='jax' if desired")
[3 : mcmc] Learn + convergence test @ 14440 samples accepted.
[3 : mcmc] Ready to check convergence and learn a new proposal covmat (waiting for the rest...)
/home/mike/Proyectos/SSEE/.venv/lib/python3.12/site-packages/mcfit/mcfit.py:130: UserWarning: use backend='jax' if desired
  warnings.warn("use backend='jax' if desired")
/home/mike/Proyectos/SSEE/.venv/lib/python3.12/site-packages/mcfit/mcfit.py:130: UserWarning: use backend='jax' if desired
  warnings.warn("use backend='jax' if desired")
[1 : mcmc] Progress @ 2026-10-01 10:14:44 : 93307 steps taken, and 14962 accepted.
/home/mike/Proyectos/SSEE/.venv/lib/python3.12/site-packages/mcfit/mcfit.py:130: UserWarning: use backend='jax' if desired
  warnings.warn("use backend='jax' if desired")
[2 : mcmc] Progress @ 2026-10-01 10:14:44 : 96835 steps taken, and 14895 accepted.
/home/mike/Proyectos/SSEE/.venv/lib/python3.12/site-packages/mcfit/mcfit.py:130: UserWarning: use backend='jax' if desired
  warnings.warn("use backend='jax' if desired")
[3 : mcmc] Progress @ 2026-10-01 10:14:44 : 92413 steps taken, and 14610 accepted.
/home/mike/Proyectos/SSEE/.venv/lib/python3.12/site-packages/mcfit/mcfit.py:130: UserWarning: use backend='jax' if desired
  warnings.warn("use backend='jax' if desired")
[0 : mcmc] Progress @ 2026-10-01 10:14:44 : 82331 steps taken, and 13315 accepted.
/home/mike/Proyectos/SSEE/.venv/lib/python3.12/site-packages/mcfit/mcfit.py:130: UserWarning: use backend='jax' if desired
  warnings.warn("use backend='jax' if desired")
/home/mike/Proyectos/SSEE/.venv/lib/python3.12/site-packages/mcfit/mcfit.py:130: UserWarning: use backend='jax' if desired
  warnings.warn("use backend='jax' if desired")
/home/mike/Proyectos/SSEE/.venv/lib/python3.12/site-packages/mcfit/mcfit.py:130: UserWarning: use backend='jax' if desired
  warnings.warn("use backend='jax' if desired")
/home/mike/Proyectos/SSEE/.venv/lib/python3.12/site-packages/mcfit/mcfit.py:130: UserWarning: use backend='jax' if desired
  warnings.warn("use backend='jax' if desired")
/home/mike/Proyectos/SSEE/.venv/lib/python3.12/site-packages/mcfit/mcfit.py:130: UserWarning: use backend='jax' if desired
  warnings.warn("use backend='jax' if desired")
/home/mike/Proyectos/SSEE/.venv/lib/python3.12/site-packages/mcfit/mcfit.py:130: UserWarning: use backend='jax' if desired
  warnings.warn("use backend='jax' if desired")
[1 : mcmc] Progress @ 2026-10-01 10:15:44 : 95326 steps taken, and 15197 accepted.
/home/mike/Proyectos/SSEE/.venv/lib/python3.12/site-packages/mcfit/mcfit.py:130: UserWarning: use backend='jax' if desired
  warnings.warn("use backend='jax' if desired")
[2 : mcmc] Progress @ 2026-10-01 10:15:44 : 98989 steps taken, and 15155 accepted.
/home/mike/Proyectos/SSEE/.venv/lib/python3.12/site-packages/mcfit/mcfit.py:130: UserWarning: use backend='jax' if desired
  warnings.warn("use backend='jax' if desired")
[3 : mcmc] Progress @ 2026-10-01 10:15:44 : 95541 steps taken, and 15037 accepted.
/home/mike/Proyectos/SSEE/.venv/lib/python3.12/site-packages/mcfit/mcfit.py:130: UserWarning: use backend='jax' if desired
  warnings.warn("use backend='jax' if desired")
[0 : mcmc] Progress @ 2026-10-01 10:15:44 : 84307 steps taken, and 13591 accepted.
/home/mike/Proyectos/SSEE/.venv/lib/python3.12/site-packages/mcfit/mcfit.py:130: UserWarning: use backend='jax' if desired
  warnings.warn("use backend='jax' if desired")
[1 : mcmc] Learn + convergence test @ 15200 samples accepted.
[1 : mcmc] Ready to check convergence and learn a new proposal covmat (waiting for the rest...)
[2 : mcmc] Learn + convergence test @ 15200 samples accepted.
[2 : mcmc] Ready to check convergence and learn a new proposal covmat (waiting for the rest...)
[0 : mcmc] Learn + convergence test @ 13680 samples accepted.
[0 : mcmc] Ready to check convergence and learn a new proposal covmat (waiting for the rest...)
[0 : mcmc] All chains are ready to check convergence and learn a new proposal covmat
[0 : mcmc]  - Acceptance rate: 0.138 = avg([0.1391, 0.1374, 0.1353, 0.1415])
[0 : mcmc]  - Convergence of means: R-1 = 0.148847 after 59449 accepted steps = sum([13680, 15325, 15256, 15188])
[0 : mcmc]  - Updated covariance matrix of proposal pdf.
/home/mike/Proyectos/SSEE/.venv/lib/python3.12/site-packages/mcfit/mcfit.py:130: UserWarning: use backend='jax' if desired
  warnings.warn("use backend='jax' if desired")
/home/mike/Proyectos/SSEE/.venv/lib/python3.12/site-packages/mcfit/mcfit.py:130: UserWarning: use backend='jax' if desired
  warnings.warn("use backend='jax' if desired")
/home/mike/Proyectos/SSEE/.venv/lib/python3.12/site-packages/mcfit/mcfit.py:130: UserWarning: use backend='jax' if desired
  warnings.warn("use backend='jax' if desired")
/home/mike/Proyectos/SSEE/.venv/lib/python3.12/site-packages/mcfit/mcfit.py:130: UserWarning: use backend='jax' if desired
  warnings.warn("use backend='jax' if desired")
[3 : mcmc] Learn + convergence test @ 15200 samples accepted.
[3 : mcmc] Ready to check convergence and learn a new proposal covmat (waiting for the rest...)
/home/mike/Proyectos/SSEE/.venv/lib/python3.12/site-packages/mcfit/mcfit.py:130: UserWarning: use backend='jax' if desired
  warnings.warn("use backend='jax' if desired")
/home/mike/Proyectos/SSEE/.venv/lib/python3.12/site-packages/mcfit/mcfit.py:130: UserWarning: use backend='jax' if desired
  warnings.warn("use backend='jax' if desired")
/home/mike/Proyectos/SSEE/.venv/lib/python3.12/site-packages/mcfit/mcfit.py:130: UserWarning: use backend='jax' if desired
  warnings.warn("use backend='jax' if desired")
/home/mike/Proyectos/SSEE/.venv/lib/python3.12/site-packages/mcfit/mcfit.py:130: UserWarning: use backend='jax' if desired
  warnings.warn("use backend='jax' if desired")
[2 : mcmc] Progress @ 2026-10-01 10:16:44 : 101211 steps taken, and 15458 accepted.
/home/mike/Proyectos/SSEE/.venv/lib/python3.12/site-packages/mcfit/mcfit.py:130: UserWarning: use backend='jax' if desired
  warnings.warn("use backend='jax' if desired")
[1 : mcmc] Progress @ 2026-10-01 10:16:44 : 98131 steps taken, and 15573 accepted.
/home/mike/Proyectos/SSEE/.venv/lib/python3.12/site-packages/mcfit/mcfit.py:130: UserWarning: use backend='jax' if desired
  warnings.warn("use backend='jax' if desired")
[3 : mcmc] Progress @ 2026-10-01 10:16:44 : 98365 steps taken, and 15458 accepted.
/home/mike/Proyectos/SSEE/.venv/lib/python3.12/site-packages/mcfit/mcfit.py:130: UserWarning: use backend='jax' if desired
  warnings.warn("use backend='jax' if desired")
[0 : mcmc] Progress @ 2026-10-01 10:16:44 : 87268 steps taken, and 13946 accepted.
/home/mike/Proyectos/SSEE/.venv/lib/python3.12/site-packages/mcfit/mcfit.py:130: UserWarning: use backend='jax' if desired
  warnings.warn("use backend='jax' if desired")
/home/mike/Proyectos/SSEE/.venv/lib/python3.12/site-packages/mcfit/mcfit.py:130: UserWarning: use backend='jax' if desired
  warnings.warn("use backend='jax' if desired")
/home/mike/Proyectos/SSEE/.venv/lib/python3.12/site-packages/mcfit/mcfit.py:130: UserWarning: use backend='jax' if desired
  warnings.warn("use backend='jax' if desired")
/home/mike/Proyectos/SSEE/.venv/lib/python3.12/site-packages/mcfit/mcfit.py:130: UserWarning: use backend='jax' if desired
  warnings.warn("use backend='jax' if desired")
/home/mike/Proyectos/SSEE/.venv/lib/python3.12/site-packages/mcfit/mcfit.py:130: UserWarning: use backend='jax' if desired
  warnings.warn("use backend='jax' if desired")
/home/mike/Proyectos/SSEE/.venv/lib/python3.12/site-packages/mcfit/mcfit.py:130: UserWarning: use backend='jax' if desired
  warnings.warn("use backend='jax' if desired")
[2 : mcmc] Progress @ 2026-10-01 10:17:44 : 103496 steps taken, and 15764 accepted.
/home/mike/Proyectos/SSEE/.venv/lib/python3.12/site-packages/mcfit/mcfit.py:130: UserWarning: use backend='jax' if desired
  warnings.warn("use backend='jax' if desired")
[1 : mcmc] Progress @ 2026-10-01 10:17:44 : 100326 steps taken, and 15869 accepted.
/home/mike/Proyectos/SSEE/.venv/lib/python3.12/site-packages/mcfit/mcfit.py:130: UserWarning: use backend='jax' if desired
  warnings.warn("use backend='jax' if desired")
[3 : mcmc] Progress @ 2026-10-01 10:17:44 : 100336 steps taken, and 15708 accepted.
/home/mike/Proyectos/SSEE/.venv/lib/python3.12/site-packages/mcfit/mcfit.py:130: UserWarning: use backend='jax' if desired
  warnings.warn("use backend='jax' if desired")
[0 : mcmc] Progress @ 2026-10-01 10:17:44 : 90445 steps taken, and 14438 accepted.
/home/mike/Proyectos/SSEE/.venv/lib/python3.12/site-packages/mcfit/mcfit.py:130: UserWarning: use backend='jax' if desired
  warnings.warn("use backend='jax' if desired")
[0 : mcmc] Learn + convergence test @ 14440 samples accepted.
[0 : mcmc] Ready to check convergence and learn a new proposal covmat (waiting for the rest...)
[1 : mcmc] Learn + convergence test @ 15960 samples accepted.
[1 : mcmc] Ready to check convergence and learn a new proposal covmat (waiting for the rest...)
[2 : mcmc] Learn + convergence test @ 15960 samples accepted.
[2 : mcmc] Ready to check convergence and learn a new proposal covmat (waiting for the rest...)
[0 : mcmc] All chains are ready to check convergence and learn a new proposal covmat
[0 : mcmc]  - Acceptance rate: 0.138 = avg([0.1391, 0.1369, 0.1361, 0.1416])
[0 : mcmc]  - Convergence of means: R-1 = 0.129475 after 62340 accepted steps = sum([14561, 15991, 15960, 15828])
[0 : mcmc]  - Updated covariance matrix of proposal pdf.
/home/mike/Proyectos/SSEE/.venv/lib/python3.12/site-packages/mcfit/mcfit.py:130: UserWarning: use backend='jax' if desired
  warnings.warn("use backend='jax' if desired")
/home/mike/Proyectos/SSEE/.venv/lib/python3.12/site-packages/mcfit/mcfit.py:130: UserWarning: use backend='jax' if desired
  warnings.warn("use backend='jax' if desired")
/home/mike/Proyectos/SSEE/.venv/lib/python3.12/site-packages/mcfit/mcfit.py:130: UserWarning: use backend='jax' if desired
  warnings.warn("use backend='jax' if desired")
/home/mike/Proyectos/SSEE/.venv/lib/python3.12/site-packages/mcfit/mcfit.py:130: UserWarning: use backend='jax' if desired
  warnings.warn("use backend='jax' if desired")
/home/mike/Proyectos/SSEE/.venv/lib/python3.12/site-packages/mcfit/mcfit.py:130: UserWarning: use backend='jax' if desired
  warnings.warn("use backend='jax' if desired")
[3 : mcmc] Learn + convergence test @ 15960 samples accepted.
[3 : mcmc] Ready to check convergence and learn a new proposal covmat (waiting for the rest...)
/home/mike/Proyectos/SSEE/.venv/lib/python3.12/site-packages/mcfit/mcfit.py:130: UserWarning: use backend='jax' if desired
  warnings.warn("use backend='jax' if desired")
[2 : mcmc] Progress @ 2026-10-01 10:18:44 : 106876 steps taken, and 16194 accepted.
/home/mike/Proyectos/SSEE/.venv/lib/python3.12/site-packages/mcfit/mcfit.py:130: UserWarning: use backend='jax' if desired
  warnings.warn("use backend='jax' if desired")
[1 : mcmc] Progress @ 2026-10-01 10:18:44 : 103257 steps taken, and 16264 accepted.
/home/mike/Proyectos/SSEE/.venv/lib/python3.12/site-packages/mcfit/mcfit.py:130: UserWarning: use backend='jax' if desired
  warnings.warn("use backend='jax' if desired")
[3 : mcmc] Progress @ 2026-10-01 10:18:44 : 102379 steps taken, and 15989 accepted.
/home/mike/Proyectos/SSEE/.venv/lib/python3.12/site-packages/mcfit/mcfit.py:130: UserWarning: use backend='jax' if desired
  warnings.warn("use backend='jax' if desired")
[0 : mcmc] Progress @ 2026-10-01 10:18:44 : 92409 steps taken, and 14731 accepted.
/home/mike/Proyectos/SSEE/.venv/lib/python3.12/site-packages/mcfit/mcfit.py:130: UserWarning: use backend='jax' if desired
  warnings.warn("use backend='jax' if desired")
/home/mike/Proyectos/SSEE/.venv/lib/python3.12/site-packages/mcfit/mcfit.py:130: UserWarning: use backend='jax' if desired
  warnings.warn("use backend='jax' if desired")
/home/mike/Proyectos/SSEE/.venv/lib/python3.12/site-packages/mcfit/mcfit.py:130: UserWarning: use backend='jax' if desired
  warnings.warn("use backend='jax' if desired")
/home/mike/Proyectos/SSEE/.venv/lib/python3.12/site-packages/mcfit/mcfit.py:130: UserWarning: use backend='jax' if desired
  warnings.warn("use backend='jax' if desired")
/home/mike/Proyectos/SSEE/.venv/lib/python3.12/site-packages/mcfit/mcfit.py:130: UserWarning: use backend='jax' if desired
  warnings.warn("use backend='jax' if desired")
/home/mike/Proyectos/SSEE/.venv/lib/python3.12/site-packages/mcfit/mcfit.py:130: UserWarning: use backend='jax' if desired
  warnings.warn("use backend='jax' if desired")
/home/mike/Proyectos/SSEE/.venv/lib/python3.12/site-packages/mcfit/mcfit.py:130: UserWarning: use backend='jax' if desired
  warnings.warn("use backend='jax' if desired")
[2 : mcmc] Progress @ 2026-10-01 10:19:44 : 110308 steps taken, and 16660 accepted.
/home/mike/Proyectos/SSEE/.venv/lib/python3.12/site-packages/mcfit/mcfit.py:130: UserWarning: use backend='jax' if desired
  warnings.warn("use backend='jax' if desired")
[1 : mcmc] Progress @ 2026-10-01 10:19:44 : 105581 steps taken, and 16564 accepted.
/home/mike/Proyectos/SSEE/.venv/lib/python3.12/site-packages/mcfit/mcfit.py:130: UserWarning: use backend='jax' if desired
  warnings.warn("use backend='jax' if desired")
[3 : mcmc] Progress @ 2026-10-01 10:19:44 : 105561 steps taken, and 16448 accepted.
/home/mike/Proyectos/SSEE/.venv/lib/python3.12/site-packages/mcfit/mcfit.py:130: UserWarning: use backend='jax' if desired
  warnings.warn("use backend='jax' if desired")
[0 : mcmc] Progress @ 2026-10-01 10:19:44 : 94674 steps taken, and 15049 accepted.
/home/mike/Proyectos/SSEE/.venv/lib/python3.12/site-packages/mcfit/mcfit.py:130: UserWarning: use backend='jax' if desired
  warnings.warn("use backend='jax' if desired")
[2 : mcmc] Learn + convergence test @ 16720 samples accepted.
[2 : mcmc] Ready to check convergence and learn a new proposal covmat (waiting for the rest...)
/home/mike/Proyectos/SSEE/.venv/lib/python3.12/site-packages/mcfit/mcfit.py:130: UserWarning: use backend='jax' if desired
  warnings.warn("use backend='jax' if desired")
/home/mike/Proyectos/SSEE/.venv/lib/python3.12/site-packages/mcfit/mcfit.py:130: UserWarning: use backend='jax' if desired
  warnings.warn("use backend='jax' if desired")
[0 : mcmc] Learn + convergence test @ 15200 samples accepted.
[0 : mcmc] Ready to check convergence and learn a new proposal covmat (waiting for the rest...)
[1 : mcmc] Learn + convergence test @ 16720 samples accepted.
[1 : mcmc] Ready to check convergence and learn a new proposal covmat (waiting for the rest...)
[0 : mcmc] All chains are ready to check convergence and learn a new proposal covmat
[0 : mcmc]  - Acceptance rate: 0.138 = avg([0.1394, 0.1372, 0.1358, 0.1410])
[0 : mcmc]  - Convergence of means: R-1 = 0.139986 after 65517 accepted steps = sum([15207, 16720, 16895, 16695])
[0 : mcmc]  - Updated covariance matrix of proposal pdf.
/home/mike/Proyectos/SSEE/.venv/lib/python3.12/site-packages/mcfit/mcfit.py:130: UserWarning: use backend='jax' if desired
  warnings.warn("use backend='jax' if desired")
/home/mike/Proyectos/SSEE/.venv/lib/python3.12/site-packages/mcfit/mcfit.py:130: UserWarning: use backend='jax' if desired
  warnings.warn("use backend='jax' if desired")
/home/mike/Proyectos/SSEE/.venv/lib/python3.12/site-packages/mcfit/mcfit.py:130: UserWarning: use backend='jax' if desired
  warnings.warn("use backend='jax' if desired")
/home/mike/Proyectos/SSEE/.venv/lib/python3.12/site-packages/mcfit/mcfit.py:130: UserWarning: use backend='jax' if desired
  warnings.warn("use backend='jax' if desired")
[3 : mcmc] Learn + convergence test @ 16720 samples accepted.
[3 : mcmc] Ready to check convergence and learn a new proposal covmat (waiting for the rest...)
/home/mike/Proyectos/SSEE/.venv/lib/python3.12/site-packages/mcfit/mcfit.py:130: UserWarning: use backend='jax' if desired
  warnings.warn("use backend='jax' if desired")
/home/mike/Proyectos/SSEE/.venv/lib/python3.12/site-packages/mcfit/mcfit.py:130: UserWarning: use backend='jax' if desired
  warnings.warn("use backend='jax' if desired")
/home/mike/Proyectos/SSEE/.venv/lib/python3.12/site-packages/mcfit/mcfit.py:130: UserWarning: use backend='jax' if desired
  warnings.warn("use backend='jax' if desired")
[1 : mcmc] Progress @ 2026-10-01 10:20:44 : 108030 steps taken, and 16932 accepted.
/home/mike/Proyectos/SSEE/.venv/lib/python3.12/site-packages/mcfit/mcfit.py:130: UserWarning: use backend='jax' if desired
  warnings.warn("use backend='jax' if desired")
[2 : mcmc] Progress @ 2026-10-01 10:20:44 : 113702 steps taken, and 17124 accepted.
/home/mike/Proyectos/SSEE/.venv/lib/python3.12/site-packages/mcfit/mcfit.py:130: UserWarning: use backend='jax' if desired
  warnings.warn("use backend='jax' if desired")
[3 : mcmc] Progress @ 2026-10-01 10:20:44 : 108728 steps taken, and 16900 accepted.
/home/mike/Proyectos/SSEE/.venv/lib/python3.12/site-packages/mcfit/mcfit.py:130: UserWarning: use backend='jax' if desired
  warnings.warn("use backend='jax' if desired")
[0 : mcmc] Progress @ 2026-10-01 10:20:44 : 96894 steps taken, and 15357 accepted.
/home/mike/Proyectos/SSEE/.venv/lib/python3.12/site-packages/mcfit/mcfit.py:130: UserWarning: use backend='jax' if desired
  warnings.warn("use backend='jax' if desired")
/home/mike/Proyectos/SSEE/.venv/lib/python3.12/site-packages/mcfit/mcfit.py:130: UserWarning: use backend='jax' if desired
  warnings.warn("use backend='jax' if desired")
/home/mike/Proyectos/SSEE/.venv/lib/python3.12/site-packages/mcfit/mcfit.py:130: UserWarning: use backend='jax' if desired
  warnings.warn("use backend='jax' if desired")
/home/mike/Proyectos/SSEE/.venv/lib/python3.12/site-packages/mcfit/mcfit.py:130: UserWarning: use backend='jax' if desired
  warnings.warn("use backend='jax' if desired")
[2 : mcmc] Learn + convergence test @ 17480 samples accepted.
[2 : mcmc] Ready to check convergence and learn a new proposal covmat (waiting for the rest...)
/home/mike/Proyectos/SSEE/.venv/lib/python3.12/site-packages/mcfit/mcfit.py:130: UserWarning: use backend='jax' if desired
  warnings.warn("use backend='jax' if desired")
/home/mike/Proyectos/SSEE/.venv/lib/python3.12/site-packages/mcfit/mcfit.py:130: UserWarning: use backend='jax' if desired
  warnings.warn("use backend='jax' if desired")
/home/mike/Proyectos/SSEE/.venv/lib/python3.12/site-packages/mcfit/mcfit.py:130: UserWarning: use backend='jax' if desired
  warnings.warn("use backend='jax' if desired")
[1 : mcmc] Progress @ 2026-10-01 10:21:44 : 111545 steps taken, and 17446 accepted.
/home/mike/Proyectos/SSEE/.venv/lib/python3.12/site-packages/mcfit/mcfit.py:130: UserWarning: use backend='jax' if desired
  warnings.warn("use backend='jax' if desired")
[2 : mcmc] Progress @ 2026-10-01 10:21:44 : 117292 steps taken, and 17636 accepted.
/home/mike/Proyectos/SSEE/.venv/lib/python3.12/site-packages/mcfit/mcfit.py:130: UserWarning: use backend='jax' if desired
  warnings.warn("use backend='jax' if desired")
[3 : mcmc] Progress @ 2026-10-01 10:21:44 : 110966 steps taken, and 17243 accepted.
/home/mike/Proyectos/SSEE/.venv/lib/python3.12/site-packages/mcfit/mcfit.py:130: UserWarning: use backend='jax' if desired
  warnings.warn("use backend='jax' if desired")
[0 : mcmc] Progress @ 2026-10-01 10:21:44 : 99142 steps taken, and 15626 accepted.
/home/mike/Proyectos/SSEE/.venv/lib/python3.12/site-packages/mcfit/mcfit.py:130: UserWarning: use backend='jax' if desired
  warnings.warn("use backend='jax' if desired")
[1 : mcmc] Learn + convergence test @ 17480 samples accepted.
[1 : mcmc] Ready to check convergence and learn a new proposal covmat (waiting for the rest...)
/home/mike/Proyectos/SSEE/.venv/lib/python3.12/site-packages/mcfit/mcfit.py:130: UserWarning: use backend='jax' if desired
  warnings.warn("use backend='jax' if desired")
/home/mike/Proyectos/SSEE/.venv/lib/python3.12/site-packages/mcfit/mcfit.py:130: UserWarning: use backend='jax' if desired
  warnings.warn("use backend='jax' if desired")
/home/mike/Proyectos/SSEE/.venv/lib/python3.12/site-packages/mcfit/mcfit.py:130: UserWarning: use backend='jax' if desired
  warnings.warn("use backend='jax' if desired")
[3 : mcmc] Learn + convergence test @ 17480 samples accepted.
/home/mike/Proyectos/SSEE/.venv/lib/python3.12/site-packages/mcfit/mcfit.py:130: UserWarning: use backend='jax' if desired
  warnings.warn("use backend='jax' if desired")
/home/mike/Proyectos/SSEE/.venv/lib/python3.12/site-packages/mcfit/mcfit.py:130: UserWarning: use backend='jax' if desired
  warnings.warn("use backend='jax' if desired")
[2 : mcmc] Progress @ 2026-10-01 10:22:44 : 120857 steps taken, and 18125 accepted.
/home/mike/Proyectos/SSEE/.venv/lib/python3.12/site-packages/mcfit/mcfit.py:130: UserWarning: use backend='jax' if desired
  warnings.warn("use backend='jax' if desired")
[1 : mcmc] Progress @ 2026-10-01 10:22:44 : 113971 steps taken, and 17817 accepted.
/home/mike/Proyectos/SSEE/.venv/lib/python3.12/site-packages/mcfit/mcfit.py:130: UserWarning: use backend='jax' if desired
  warnings.warn("use backend='jax' if desired")
[3 : mcmc] Progress @ 2026-10-01 10:22:44 : 113155 steps taken, and 17540 accepted.
/home/mike/Proyectos/SSEE/.venv/lib/python3.12/site-packages/mcfit/mcfit.py:130: UserWarning: use backend='jax' if desired
  warnings.warn("use backend='jax' if desired")
[0 : mcmc] Progress @ 2026-10-01 10:22:44 : 101212 steps taken, and 15891 accepted.
/home/mike/Proyectos/SSEE/.venv/lib/python3.12/site-packages/mcfit/mcfit.py:130: UserWarning: use backend='jax' if desired
  warnings.warn("use backend='jax' if desired")
[2 : mcmc] Learn + convergence test @ 18240 samples accepted.
[0 : mcmc] Learn + convergence test @ 15960 samples accepted.
[0 : mcmc] Ready to check convergence and learn a new proposal covmat (waiting for the rest...)
[0 : mcmc] All chains are ready to check convergence and learn a new proposal covmat
[0 : mcmc]  - Acceptance rate: 0.138 = avg([0.1373, 0.1388, 0.1361, 0.1407])
[0 : mcmc]  - Convergence of means: R-1 = 0.087703 after 69763 accepted steps = sum([15960, 17909, 18264, 17630])
[0 : mcmc]  - Updated covariance matrix of proposal pdf.
/home/mike/Proyectos/SSEE/.venv/lib/python3.12/site-packages/mcfit/mcfit.py:130: UserWarning: use backend='jax' if desired
  warnings.warn("use backend='jax' if desired")
/home/mike/Proyectos/SSEE/.venv/lib/python3.12/site-packages/mcfit/mcfit.py:130: UserWarning: use backend='jax' if desired
  warnings.warn("use backend='jax' if desired")
/home/mike/Proyectos/SSEE/.venv/lib/python3.12/site-packages/mcfit/mcfit.py:130: UserWarning: use backend='jax' if desired
  warnings.warn("use backend='jax' if desired")
/home/mike/Proyectos/SSEE/.venv/lib/python3.12/site-packages/mcfit/mcfit.py:130: UserWarning: use backend='jax' if desired
  warnings.warn("use backend='jax' if desired")
/home/mike/Proyectos/SSEE/.venv/lib/python3.12/site-packages/mcfit/mcfit.py:130: UserWarning: use backend='jax' if desired
  warnings.warn("use backend='jax' if desired")
[2 : mcmc] Progress @ 2026-10-01 10:23:44 : 124386 steps taken, and 18626 accepted.
/home/mike/Proyectos/SSEE/.venv/lib/python3.12/site-packages/mcfit/mcfit.py:130: UserWarning: use backend='jax' if desired
  warnings.warn("use backend='jax' if desired")
[1 : mcmc] Progress @ 2026-10-01 10:23:44 : 115940 steps taken, and 18097 accepted.
/home/mike/Proyectos/SSEE/.venv/lib/python3.12/site-packages/mcfit/mcfit.py:130: UserWarning: use backend='jax' if desired
  warnings.warn("use backend='jax' if desired")
[3 : mcmc] Progress @ 2026-10-01 10:23:44 : 115349 steps taken, and 17813 accepted.
/home/mike/Proyectos/SSEE/.venv/lib/python3.12/site-packages/mcfit/mcfit.py:130: UserWarning: use backend='jax' if desired
  warnings.warn("use backend='jax' if desired")
[0 : mcmc] Progress @ 2026-10-01 10:23:44 : 103184 steps taken, and 16128 accepted.
/home/mike/Proyectos/SSEE/.venv/lib/python3.12/site-packages/mcfit/mcfit.py:130: UserWarning: use backend='jax' if desired
  warnings.warn("use backend='jax' if desired")
/home/mike/Proyectos/SSEE/.venv/lib/python3.12/site-packages/mcfit/mcfit.py:130: UserWarning: use backend='jax' if desired
  warnings.warn("use backend='jax' if desired")
[1 : mcmc] Learn + convergence test @ 18240 samples accepted.
[1 : mcmc] Ready to check convergence and learn a new proposal covmat (waiting for the rest...)
/home/mike/Proyectos/SSEE/.venv/lib/python3.12/site-packages/mcfit/mcfit.py:130: UserWarning: use backend='jax' if desired
  warnings.warn("use backend='jax' if desired")
/home/mike/Proyectos/SSEE/.venv/lib/python3.12/site-packages/mcfit/mcfit.py:130: UserWarning: use backend='jax' if desired
  warnings.warn("use backend='jax' if desired")
[2 : mcmc] Learn + convergence test @ 19000 samples accepted.
[2 : mcmc] Ready to check convergence and learn a new proposal covmat (waiting for the rest...)
/home/mike/Proyectos/SSEE/.venv/lib/python3.12/site-packages/mcfit/mcfit.py:130: UserWarning: use backend='jax' if desired
  warnings.warn("use backend='jax' if desired")
/home/mike/Proyectos/SSEE/.venv/lib/python3.12/site-packages/mcfit/mcfit.py:130: UserWarning: use backend='jax' if desired
  warnings.warn("use backend='jax' if desired")
[2 : mcmc] Progress @ 2026-10-01 10:24:44 : 127925 steps taken, and 19150 accepted.
/home/mike/Proyectos/SSEE/.venv/lib/python3.12/site-packages/mcfit/mcfit.py:130: UserWarning: use backend='jax' if desired
  warnings.warn("use backend='jax' if desired")
[1 : mcmc] Progress @ 2026-10-01 10:24:44 : 117901 steps taken, and 18354 accepted.
/home/mike/Proyectos/SSEE/.venv/lib/python3.12/site-packages/mcfit/mcfit.py:130: UserWarning: use backend='jax' if desired
  warnings.warn("use backend='jax' if desired")
[3 : mcmc] Progress @ 2026-10-01 10:24:44 : 117567 steps taken, and 18106 accepted.
/home/mike/Proyectos/SSEE/.venv/lib/python3.12/site-packages/mcfit/mcfit.py:130: UserWarning: use backend='jax' if desired
  warnings.warn("use backend='jax' if desired")
[0 : mcmc] Progress @ 2026-10-01 10:24:44 : 105145 steps taken, and 16412 accepted.
/home/mike/Proyectos/SSEE/.venv/lib/python3.12/site-packages/mcfit/mcfit.py:130: UserWarning: use backend='jax' if desired
  warnings.warn("use backend='jax' if desired")
/home/mike/Proyectos/SSEE/.venv/lib/python3.12/site-packages/mcfit/mcfit.py:130: UserWarning: use backend='jax' if desired
  warnings.warn("use backend='jax' if desired")
[3 : mcmc] Learn + convergence test @ 18240 samples accepted.
[3 : mcmc] Ready to check convergence and learn a new proposal covmat (waiting for the rest...)
/home/mike/Proyectos/SSEE/.venv/lib/python3.12/site-packages/mcfit/mcfit.py:130: UserWarning: use backend='jax' if desired
  warnings.warn("use backend='jax' if desired")
/home/mike/Proyectos/SSEE/.venv/lib/python3.12/site-packages/mcfit/mcfit.py:130: UserWarning: use backend='jax' if desired
  warnings.warn("use backend='jax' if desired")
/home/mike/Proyectos/SSEE/.venv/lib/python3.12/site-packages/mcfit/mcfit.py:130: UserWarning: use backend='jax' if desired
  warnings.warn("use backend='jax' if desired")
/home/mike/Proyectos/SSEE/.venv/lib/python3.12/site-packages/mcfit/mcfit.py:130: UserWarning: use backend='jax' if desired
  warnings.warn("use backend='jax' if desired")
[2 : mcmc] Progress @ 2026-10-01 10:25:44 : 131454 steps taken, and 19631 accepted.
/home/mike/Proyectos/SSEE/.venv/lib/python3.12/site-packages/mcfit/mcfit.py:130: UserWarning: use backend='jax' if desired
  warnings.warn("use backend='jax' if desired")
[1 : mcmc] Progress @ 2026-10-01 10:25:44 : 119872 steps taken, and 18623 accepted.
/home/mike/Proyectos/SSEE/.venv/lib/python3.12/site-packages/mcfit/mcfit.py:130: UserWarning: use backend='jax' if desired
  warnings.warn("use backend='jax' if desired")
[3 : mcmc] Progress @ 2026-10-01 10:25:44 : 119782 steps taken, and 18408 accepted.
/home/mike/Proyectos/SSEE/.venv/lib/python3.12/site-packages/mcfit/mcfit.py:130: UserWarning: use backend='jax' if desired
  warnings.warn("use backend='jax' if desired")
[0 : mcmc] Progress @ 2026-10-01 10:25:44 : 107157 steps taken, and 16663 accepted.
/home/mike/Proyectos/SSEE/.venv/lib/python3.12/site-packages/mcfit/mcfit.py:130: UserWarning: use backend='jax' if desired
  warnings.warn("use backend='jax' if desired")
[0 : mcmc] Learn + convergence test @ 16720 samples accepted.
[0 : mcmc] Ready to check convergence and learn a new proposal covmat (waiting for the rest...)
[0 : mcmc] All chains are ready to check convergence and learn a new proposal covmat
[0 : mcmc]  - Acceptance rate: 0.139 = avg([0.1371, 0.1385, 0.1376, 0.1407])
[0 : mcmc]  - Convergence of means: R-1 = 0.101345 after 73617 accepted steps = sum([16720, 18683, 19741, 18473])
[0 : mcmc]  - Updated covariance matrix of proposal pdf.
/home/mike/Proyectos/SSEE/.venv/lib/python3.12/site-packages/mcfit/mcfit.py:130: UserWarning: use backend='jax' if desired
  warnings.warn("use backend='jax' if desired")
/home/mike/Proyectos/SSEE/.venv/lib/python3.12/site-packages/mcfit/mcfit.py:130: UserWarning: use backend='jax' if desired
  warnings.warn("use backend='jax' if desired")
/home/mike/Proyectos/SSEE/.venv/lib/python3.12/site-packages/mcfit/mcfit.py:130: UserWarning: use backend='jax' if desired
  warnings.warn("use backend='jax' if desired")
/home/mike/Proyectos/SSEE/.venv/lib/python3.12/site-packages/mcfit/mcfit.py:130: UserWarning: use backend='jax' if desired
  warnings.warn("use backend='jax' if desired")
[2 : mcmc] Learn + convergence test @ 19760 samples accepted.
[2 : mcmc] Ready to check convergence and learn a new proposal covmat (waiting for the rest...)
/home/mike/Proyectos/SSEE/.venv/lib/python3.12/site-packages/mcfit/mcfit.py:130: UserWarning: use backend='jax' if desired
  warnings.warn("use backend='jax' if desired")
/home/mike/Proyectos/SSEE/.venv/lib/python3.12/site-packages/mcfit/mcfit.py:130: UserWarning: use backend='jax' if desired
  warnings.warn("use backend='jax' if desired")
/home/mike/Proyectos/SSEE/.venv/lib/python3.12/site-packages/mcfit/mcfit.py:130: UserWarning: use backend='jax' if desired
  warnings.warn("use backend='jax' if desired")
/home/mike/Proyectos/SSEE/.venv/lib/python3.12/site-packages/mcfit/mcfit.py:130: UserWarning: use backend='jax' if desired
  warnings.warn("use backend='jax' if desired")
[2 : mcmc] Progress @ 2026-10-01 10:26:44 : 135058 steps taken, and 20131 accepted.
/home/mike/Proyectos/SSEE/.venv/lib/python3.12/site-packages/mcfit/mcfit.py:130: UserWarning: use backend='jax' if desired
  warnings.warn("use backend='jax' if desired")
[1 : mcmc] Progress @ 2026-10-01 10:26:44 : 121861 steps taken, and 18895 accepted.
/home/mike/Proyectos/SSEE/.venv/lib/python3.12/site-packages/mcfit/mcfit.py:130: UserWarning: use backend='jax' if desired
  warnings.warn("use backend='jax' if desired")
[3 : mcmc] Progress @ 2026-10-01 10:26:44 : 121982 steps taken, and 18706 accepted.
/home/mike/Proyectos/SSEE/.venv/lib/python3.12/site-packages/mcfit/mcfit.py:130: UserWarning: use backend='jax' if desired
  warnings.warn("use backend='jax' if desired")
[0 : mcmc] Progress @ 2026-10-01 10:26:44 : 109174 steps taken, and 16937 accepted.
/home/mike/Proyectos/SSEE/.venv/lib/python3.12/site-packages/mcfit/mcfit.py:130: UserWarning: use backend='jax' if desired
  warnings.warn("use backend='jax' if desired")
[1 : mcmc] Learn + convergence test @ 19000 samples accepted.
[1 : mcmc] Ready to check convergence and learn a new proposal covmat (waiting for the rest...)
/home/mike/Proyectos/SSEE/.venv/lib/python3.12/site-packages/mcfit/mcfit.py:130: UserWarning: use backend='jax' if desired
  warnings.warn("use backend='jax' if desired")
/home/mike/Proyectos/SSEE/.venv/lib/python3.12/site-packages/mcfit/mcfit.py:130: UserWarning: use backend='jax' if desired
  warnings.warn("use backend='jax' if desired")
/home/mike/Proyectos/SSEE/.venv/lib/python3.12/site-packages/mcfit/mcfit.py:130: UserWarning: use backend='jax' if desired
  warnings.warn("use backend='jax' if desired")
/home/mike/Proyectos/SSEE/.venv/lib/python3.12/site-packages/mcfit/mcfit.py:130: UserWarning: use backend='jax' if desired
  warnings.warn("use backend='jax' if desired")
[2 : mcmc] Learn + convergence test @ 20520 samples accepted.
/home/mike/Proyectos/SSEE/.venv/lib/python3.12/site-packages/mcfit/mcfit.py:130: UserWarning: use backend='jax' if desired
  warnings.warn("use backend='jax' if desired")
[3 : mcmc] Learn + convergence test @ 19000 samples accepted.
[3 : mcmc] Ready to check convergence and learn a new proposal covmat (waiting for the rest...)
[2 : mcmc] Progress @ 2026-10-01 10:27:44 : 138650 steps taken, and 20640 accepted.
/home/mike/Proyectos/SSEE/.venv/lib/python3.12/site-packages/mcfit/mcfit.py:130: UserWarning: use backend='jax' if desired
  warnings.warn("use backend='jax' if desired")
[1 : mcmc] Progress @ 2026-10-01 10:27:44 : 123822 steps taken, and 19182 accepted.
/home/mike/Proyectos/SSEE/.venv/lib/python3.12/site-packages/mcfit/mcfit.py:130: UserWarning: use backend='jax' if desired
  warnings.warn("use backend='jax' if desired")
[3 : mcmc] Progress @ 2026-10-01 10:27:44 : 124186 steps taken, and 19008 accepted.
/home/mike/Proyectos/SSEE/.venv/lib/python3.12/site-packages/mcfit/mcfit.py:130: UserWarning: use backend='jax' if desired
  warnings.warn("use backend='jax' if desired")
[0 : mcmc] Progress @ 2026-10-01 10:27:44 : 111233 steps taken, and 17243 accepted.
/home/mike/Proyectos/SSEE/.venv/lib/python3.12/site-packages/mcfit/mcfit.py:130: UserWarning: use backend='jax' if desired
  warnings.warn("use backend='jax' if desired")
/home/mike/Proyectos/SSEE/.venv/lib/python3.12/site-packages/mcfit/mcfit.py:130: UserWarning: use backend='jax' if desired
  warnings.warn("use backend='jax' if desired")
/home/mike/Proyectos/SSEE/.venv/lib/python3.12/site-packages/mcfit/mcfit.py:130: UserWarning: use backend='jax' if desired
  warnings.warn("use backend='jax' if desired")
/home/mike/Proyectos/SSEE/.venv/lib/python3.12/site-packages/mcfit/mcfit.py:130: UserWarning: use backend='jax' if desired
  warnings.warn("use backend='jax' if desired")
/home/mike/Proyectos/SSEE/.venv/lib/python3.12/site-packages/mcfit/mcfit.py:130: UserWarning: use backend='jax' if desired
  warnings.warn("use backend='jax' if desired")
/home/mike/Proyectos/SSEE/.venv/lib/python3.12/site-packages/mcfit/mcfit.py:130: UserWarning: use backend='jax' if desired
  warnings.warn("use backend='jax' if desired")
[0 : mcmc] Learn + convergence test @ 17480 samples accepted.
[0 : mcmc] Ready to check convergence and learn a new proposal covmat (waiting for the rest...)
[0 : mcmc] All chains are ready to check convergence and learn a new proposal covmat
[0 : mcmc]  - Acceptance rate: 0.138 = avg([0.1372, 0.1384, 0.1380, 0.1396])
[0 : mcmc]  - Convergence of means: R-1 = 0.078344 after 77261 accepted steps = sum([17480, 19411, 21126, 19244])
[0 : mcmc]  - Updated covariance matrix of proposal pdf.
/home/mike/Proyectos/SSEE/.venv/lib/python3.12/site-packages/mcfit/mcfit.py:130: UserWarning: use backend='jax' if desired
  warnings.warn("use backend='jax' if desired")
/home/mike/Proyectos/SSEE/.venv/lib/python3.12/site-packages/mcfit/mcfit.py:130: UserWarning: use backend='jax' if desired
  warnings.warn("use backend='jax' if desired")
/home/mike/Proyectos/SSEE/.venv/lib/python3.12/site-packages/mcfit/mcfit.py:130: UserWarning: use backend='jax' if desired
  warnings.warn("use backend='jax' if desired")
/home/mike/Proyectos/SSEE/.venv/lib/python3.12/site-packages/mcfit/mcfit.py:130: UserWarning: use backend='jax' if desired
  warnings.warn("use backend='jax' if desired")
[2 : mcmc] Progress @ 2026-10-01 10:28:44 : 142166 steps taken, and 21147 accepted.
/home/mike/Proyectos/SSEE/.venv/lib/python3.12/site-packages/mcfit/mcfit.py:130: UserWarning: use backend='jax' if desired
  warnings.warn("use backend='jax' if desired")
[1 : mcmc] Progress @ 2026-10-01 10:28:44 : 125783 steps taken, and 19425 accepted.
/home/mike/Proyectos/SSEE/.venv/lib/python3.12/site-packages/mcfit/mcfit.py:130: UserWarning: use backend='jax' if desired
  warnings.warn("use backend='jax' if desired")
[3 : mcmc] Progress @ 2026-10-01 10:28:44 : 126414 steps taken, and 19261 accepted.
/home/mike/Proyectos/SSEE/.venv/lib/python3.12/site-packages/mcfit/mcfit.py:130: UserWarning: use backend='jax' if desired
  warnings.warn("use backend='jax' if desired")
[0 : mcmc] Progress @ 2026-10-01 10:28:44 : 113172 steps taken, and 17487 accepted.
/home/mike/Proyectos/SSEE/.venv/lib/python3.12/site-packages/mcfit/mcfit.py:130: UserWarning: use backend='jax' if desired
  warnings.warn("use backend='jax' if desired")
[2 : mcmc] Learn + convergence test @ 21280 samples accepted.
[2 : mcmc] Ready to check convergence and learn a new proposal covmat (waiting for the rest...)
/home/mike/Proyectos/SSEE/.venv/lib/python3.12/site-packages/mcfit/mcfit.py:130: UserWarning: use backend='jax' if desired
  warnings.warn("use backend='jax' if desired")
/home/mike/Proyectos/SSEE/.venv/lib/python3.12/site-packages/mcfit/mcfit.py:130: UserWarning: use backend='jax' if desired
  warnings.warn("use backend='jax' if desired")
/home/mike/Proyectos/SSEE/.venv/lib/python3.12/site-packages/mcfit/mcfit.py:130: UserWarning: use backend='jax' if desired
  warnings.warn("use backend='jax' if desired")
/home/mike/Proyectos/SSEE/.venv/lib/python3.12/site-packages/mcfit/mcfit.py:130: UserWarning: use backend='jax' if desired
  warnings.warn("use backend='jax' if desired")
/home/mike/Proyectos/SSEE/.venv/lib/python3.12/site-packages/mcfit/mcfit.py:130: UserWarning: use backend='jax' if desired
  warnings.warn("use backend='jax' if desired")
[2 : mcmc] Progress @ 2026-10-01 10:29:44 : 145715 steps taken, and 21632 accepted.
/home/mike/Proyectos/SSEE/.venv/lib/python3.12/site-packages/mcfit/mcfit.py:130: UserWarning: use backend='jax' if desired
  warnings.warn("use backend='jax' if desired")
[1 : mcmc] Progress @ 2026-10-01 10:29:44 : 127748 steps taken, and 19706 accepted.
/home/mike/Proyectos/SSEE/.venv/lib/python3.12/site-packages/mcfit/mcfit.py:130: UserWarning: use backend='jax' if desired
  warnings.warn("use backend='jax' if desired")
[3 : mcmc] Progress @ 2026-10-01 10:29:44 : 128638 steps taken, and 19565 accepted.
/home/mike/Proyectos/SSEE/.venv/lib/python3.12/site-packages/mcfit/mcfit.py:130: UserWarning: use backend='jax' if desired
  warnings.warn("use backend='jax' if desired")
[0 : mcmc] Progress @ 2026-10-01 10:29:44 : 115127 steps taken, and 17745 accepted.
/home/mike/Proyectos/SSEE/.venv/lib/python3.12/site-packages/mcfit/mcfit.py:130: UserWarning: use backend='jax' if desired
  warnings.warn("use backend='jax' if desired")
[1 : mcmc] Learn + convergence test @ 19760 samples accepted.
[1 : mcmc] Ready to check convergence and learn a new proposal covmat (waiting for the rest...)
/home/mike/Proyectos/SSEE/.venv/lib/python3.12/site-packages/mcfit/mcfit.py:130: UserWarning: use backend='jax' if desired
  warnings.warn("use backend='jax' if desired")
/home/mike/Proyectos/SSEE/.venv/lib/python3.12/site-packages/mcfit/mcfit.py:130: UserWarning: use backend='jax' if desired
  warnings.warn("use backend='jax' if desired")
[3 : mcmc] Learn + convergence test @ 19760 samples accepted.
[3 : mcmc] Ready to check convergence and learn a new proposal covmat (waiting for the rest...)
/home/mike/Proyectos/SSEE/.venv/lib/python3.12/site-packages/mcfit/mcfit.py:130: UserWarning: use backend='jax' if desired
  warnings.warn("use backend='jax' if desired")
/home/mike/Proyectos/SSEE/.venv/lib/python3.12/site-packages/mcfit/mcfit.py:130: UserWarning: use backend='jax' if desired
  warnings.warn("use backend='jax' if desired")
/home/mike/Proyectos/SSEE/.venv/lib/python3.12/site-packages/mcfit/mcfit.py:130: UserWarning: use backend='jax' if desired
  warnings.warn("use backend='jax' if desired")
[2 : mcmc] Learn + convergence test @ 22040 samples accepted.
[2 : mcmc] Progress @ 2026-10-01 10:30:44 : 149289 steps taken, and 22100 accepted.
/home/mike/Proyectos/SSEE/.venv/lib/python3.12/site-packages/mcfit/mcfit.py:130: UserWarning: use backend='jax' if desired
  warnings.warn("use backend='jax' if desired")
[1 : mcmc] Progress @ 2026-10-01 10:30:44 : 129713 steps taken, and 19977 accepted.
/home/mike/Proyectos/SSEE/.venv/lib/python3.12/site-packages/mcfit/mcfit.py:130: UserWarning: use backend='jax' if desired
  warnings.warn("use backend='jax' if desired")
[3 : mcmc] Progress @ 2026-10-01 10:30:44 : 130844 steps taken, and 19852 accepted.
/home/mike/Proyectos/SSEE/.venv/lib/python3.12/site-packages/mcfit/mcfit.py:130: UserWarning: use backend='jax' if desired
  warnings.warn("use backend='jax' if desired")
[0 : mcmc] Progress @ 2026-10-01 10:30:44 : 117096 steps taken, and 18063 accepted.
/home/mike/Proyectos/SSEE/.venv/lib/python3.12/site-packages/mcfit/mcfit.py:130: UserWarning: use backend='jax' if desired
  warnings.warn("use backend='jax' if desired")
/home/mike/Proyectos/SSEE/.venv/lib/python3.12/site-packages/mcfit/mcfit.py:130: UserWarning: use backend='jax' if desired
  warnings.warn("use backend='jax' if desired")
/home/mike/Proyectos/SSEE/.venv/lib/python3.12/site-packages/mcfit/mcfit.py:130: UserWarning: use backend='jax' if desired
  warnings.warn("use backend='jax' if desired")
[0 : mcmc] Learn + convergence test @ 18240 samples accepted.
[0 : mcmc] Ready to check convergence and learn a new proposal covmat (waiting for the rest...)
[0 : mcmc] All chains are ready to check convergence and learn a new proposal covmat
[0 : mcmc]  - Acceptance rate: 0.138 = avg([0.1377, 0.1386, 0.1380, 0.1388])
[0 : mcmc]  - Convergence of means: R-1 = 0.068543 after 80942 accepted steps = sum([18240, 20177, 22445, 20080])
[0 : mcmc]  - Updated covariance matrix of proposal pdf.
/home/mike/Proyectos/SSEE/.venv/lib/python3.12/site-packages/mcfit/mcfit.py:130: UserWarning: use backend='jax' if desired
  warnings.warn("use backend='jax' if desired")
/home/mike/Proyectos/SSEE/.venv/lib/python3.12/site-packages/mcfit/mcfit.py:130: UserWarning: use backend='jax' if desired
  warnings.warn("use backend='jax' if desired")
/home/mike/Proyectos/SSEE/.venv/lib/python3.12/site-packages/mcfit/mcfit.py:130: UserWarning: use backend='jax' if desired
  warnings.warn("use backend='jax' if desired")
/home/mike/Proyectos/SSEE/.venv/lib/python3.12/site-packages/mcfit/mcfit.py:130: UserWarning: use backend='jax' if desired
  warnings.warn("use backend='jax' if desired")
[2 : mcmc] Progress @ 2026-10-01 10:31:44 : 152855 steps taken, and 22605 accepted.
/home/mike/Proyectos/SSEE/.venv/lib/python3.12/site-packages/mcfit/mcfit.py:130: UserWarning: use backend='jax' if desired
  warnings.warn("use backend='jax' if desired")
[1 : mcmc] Progress @ 2026-10-01 10:31:44 : 131672 steps taken, and 20239 accepted.
/home/mike/Proyectos/SSEE/.venv/lib/python3.12/site-packages/mcfit/mcfit.py:130: UserWarning: use backend='jax' if desired
  warnings.warn("use backend='jax' if desired")
[3 : mcmc] Progress @ 2026-10-01 10:31:44 : 133031 steps taken, and 20198 accepted.
/home/mike/Proyectos/SSEE/.venv/lib/python3.12/site-packages/mcfit/mcfit.py:130: UserWarning: use backend='jax' if desired
  warnings.warn("use backend='jax' if desired")
[0 : mcmc] Progress @ 2026-10-01 10:31:44 : 119048 steps taken, and 18339 accepted.
/home/mike/Proyectos/SSEE/.venv/lib/python3.12/site-packages/mcfit/mcfit.py:130: UserWarning: use backend='jax' if desired
  warnings.warn("use backend='jax' if desired")
[2 : mcmc] Learn + convergence test @ 22800 samples accepted.
[2 : mcmc] Ready to check convergence and learn a new proposal covmat (waiting for the rest...)
/home/mike/Proyectos/SSEE/.venv/lib/python3.12/site-packages/mcfit/mcfit.py:130: UserWarning: use backend='jax' if desired
  warnings.warn("use backend='jax' if desired")
/home/mike/Proyectos/SSEE/.venv/lib/python3.12/site-packages/mcfit/mcfit.py:130: UserWarning: use backend='jax' if desired
  warnings.warn("use backend='jax' if desired")
/home/mike/Proyectos/SSEE/.venv/lib/python3.12/site-packages/mcfit/mcfit.py:130: UserWarning: use backend='jax' if desired
  warnings.warn("use backend='jax' if desired")
/home/mike/Proyectos/SSEE/.venv/lib/python3.12/site-packages/mcfit/mcfit.py:130: UserWarning: use backend='jax' if desired
  warnings.warn("use backend='jax' if desired")
/home/mike/Proyectos/SSEE/.venv/lib/python3.12/site-packages/mcfit/mcfit.py:130: UserWarning: use backend='jax' if desired
  warnings.warn("use backend='jax' if desired")
[2 : mcmc] Progress @ 2026-10-01 10:32:44 : 156427 steps taken, and 23091 accepted.
/home/mike/Proyectos/SSEE/.venv/lib/python3.12/site-packages/mcfit/mcfit.py:130: UserWarning: use backend='jax' if desired
  warnings.warn("use backend='jax' if desired")
[1 : mcmc] Progress @ 2026-10-01 10:32:44 : 133637 steps taken, and 20498 accepted.
/home/mike/Proyectos/SSEE/.venv/lib/python3.12/site-packages/mcfit/mcfit.py:130: UserWarning: use backend='jax' if desired
  warnings.warn("use backend='jax' if desired")
[3 : mcmc] Progress @ 2026-10-01 10:32:44 : 135240 steps taken, and 20517 accepted.
/home/mike/Proyectos/SSEE/.venv/lib/python3.12/site-packages/mcfit/mcfit.py:130: UserWarning: use backend='jax' if desired
  warnings.warn("use backend='jax' if desired")
[0 : mcmc] Progress @ 2026-10-01 10:32:44 : 121017 steps taken, and 18579 accepted.
/home/mike/Proyectos/SSEE/.venv/lib/python3.12/site-packages/mcfit/mcfit.py:130: UserWarning: use backend='jax' if desired
  warnings.warn("use backend='jax' if desired")
[3 : mcmc] Learn + convergence test @ 20520 samples accepted.
[3 : mcmc] Ready to check convergence and learn a new proposal covmat (waiting for the rest...)
[1 : mcmc] Learn + convergence test @ 20520 samples accepted.
[1 : mcmc] Ready to check convergence and learn a new proposal covmat (waiting for the rest...)
/home/mike/Proyectos/SSEE/.venv/lib/python3.12/site-packages/mcfit/mcfit.py:130: UserWarning: use backend='jax' if desired
  warnings.warn("use backend='jax' if desired")
/home/mike/Proyectos/SSEE/.venv/lib/python3.12/site-packages/mcfit/mcfit.py:130: UserWarning: use backend='jax' if desired
  warnings.warn("use backend='jax' if desired")
/home/mike/Proyectos/SSEE/.venv/lib/python3.12/site-packages/mcfit/mcfit.py:130: UserWarning: use backend='jax' if desired
  warnings.warn("use backend='jax' if desired")
/home/mike/Proyectos/SSEE/.venv/lib/python3.12/site-packages/mcfit/mcfit.py:130: UserWarning: use backend='jax' if desired
  warnings.warn("use backend='jax' if desired")
/home/mike/Proyectos/SSEE/.venv/lib/python3.12/site-packages/mcfit/mcfit.py:130: UserWarning: use backend='jax' if desired
  warnings.warn("use backend='jax' if desired")
[2 : mcmc] Learn + convergence test @ 23560 samples accepted.
[2 : mcmc] Progress @ 2026-10-01 10:33:44 : 159963 steps taken, and 23564 accepted.
/home/mike/Proyectos/SSEE/.venv/lib/python3.12/site-packages/mcfit/mcfit.py:130: UserWarning: use backend='jax' if desired
  warnings.warn("use backend='jax' if desired")
[1 : mcmc] Progress @ 2026-10-01 10:33:44 : 135608 steps taken, and 20800 accepted.
/home/mike/Proyectos/SSEE/.venv/lib/python3.12/site-packages/mcfit/mcfit.py:130: UserWarning: use backend='jax' if desired
  warnings.warn("use backend='jax' if desired")
[3 : mcmc] Progress @ 2026-10-01 10:33:44 : 137440 steps taken, and 20823 accepted.
/home/mike/Proyectos/SSEE/.venv/lib/python3.12/site-packages/mcfit/mcfit.py:130: UserWarning: use backend='jax' if desired
  warnings.warn("use backend='jax' if desired")
[0 : mcmc] Progress @ 2026-10-01 10:33:44 : 123007 steps taken, and 18859 accepted.
/home/mike/Proyectos/SSEE/.venv/lib/python3.12/site-packages/mcfit/mcfit.py:130: UserWarning: use backend='jax' if desired
  warnings.warn("use backend='jax' if desired")
/home/mike/Proyectos/SSEE/.venv/lib/python3.12/site-packages/mcfit/mcfit.py:130: UserWarning: use backend='jax' if desired
  warnings.warn("use backend='jax' if desired")
[0 : mcmc] Learn + convergence test @ 19000 samples accepted.
[0 : mcmc] Ready to check convergence and learn a new proposal covmat (waiting for the rest...)
[0 : mcmc] All chains are ready to check convergence and learn a new proposal covmat
[0 : mcmc]  - Acceptance rate: 0.138 = avg([0.1379, 0.1381, 0.1389, 0.1388])
[0 : mcmc]  - Convergence of means: R-1 = 0.081949 after 84815 accepted steps = sum([19000, 20943, 23879, 20993])
[0 : mcmc]  - Updated covariance matrix of proposal pdf.
/home/mike/Proyectos/SSEE/.venv/lib/python3.12/site-packages/mcfit/mcfit.py:130: UserWarning: use backend='jax' if desired
  warnings.warn("use backend='jax' if desired")
/home/mike/Proyectos/SSEE/.venv/lib/python3.12/site-packages/mcfit/mcfit.py:130: UserWarning: use backend='jax' if desired
  warnings.warn("use backend='jax' if desired")
/home/mike/Proyectos/SSEE/.venv/lib/python3.12/site-packages/mcfit/mcfit.py:130: UserWarning: use backend='jax' if desired
  warnings.warn("use backend='jax' if desired")
/home/mike/Proyectos/SSEE/.venv/lib/python3.12/site-packages/mcfit/mcfit.py:130: UserWarning: use backend='jax' if desired
  warnings.warn("use backend='jax' if desired")
/home/mike/Proyectos/SSEE/.venv/lib/python3.12/site-packages/mcfit/mcfit.py:130: UserWarning: use backend='jax' if desired
  warnings.warn("use backend='jax' if desired")
[2 : mcmc] Progress @ 2026-10-01 10:34:44 : 163519 steps taken, and 24090 accepted.
/home/mike/Proyectos/SSEE/.venv/lib/python3.12/site-packages/mcfit/mcfit.py:130: UserWarning: use backend='jax' if desired
  warnings.warn("use backend='jax' if desired")
[1 : mcmc] Progress @ 2026-10-01 10:34:44 : 137611 steps taken, and 21045 accepted.
/home/mike/Proyectos/SSEE/.venv/lib/python3.12/site-packages/mcfit/mcfit.py:130: UserWarning: use backend='jax' if desired
  warnings.warn("use backend='jax' if desired")
[3 : mcmc] Progress @ 2026-10-01 10:34:44 : 139603 steps taken, and 21148 accepted.
/home/mike/Proyectos/SSEE/.venv/lib/python3.12/site-packages/mcfit/mcfit.py:130: UserWarning: use backend='jax' if desired
  warnings.warn("use backend='jax' if desired")
[0 : mcmc] Progress @ 2026-10-01 10:34:44 : 125007 steps taken, and 19138 accepted.
/home/mike/Proyectos/SSEE/.venv/lib/python3.12/site-packages/mcfit/mcfit.py:130: UserWarning: use backend='jax' if desired
  warnings.warn("use backend='jax' if desired")
/home/mike/Proyectos/SSEE/.venv/lib/python3.12/site-packages/mcfit/mcfit.py:130: UserWarning: use backend='jax' if desired
  warnings.warn("use backend='jax' if desired")
[2 : mcmc] Learn + convergence test @ 24320 samples accepted.
[2 : mcmc] Ready to check convergence and learn a new proposal covmat (waiting for the rest...)
[3 : mcmc] Learn + convergence test @ 21280 samples accepted.
[3 : mcmc] Ready to check convergence and learn a new proposal covmat (waiting for the rest...)
/home/mike/Proyectos/SSEE/.venv/lib/python3.12/site-packages/mcfit/mcfit.py:130: UserWarning: use backend='jax' if desired
  warnings.warn("use backend='jax' if desired")
/home/mike/Proyectos/SSEE/.venv/lib/python3.12/site-packages/mcfit/mcfit.py:130: UserWarning: use backend='jax' if desired
  warnings.warn("use backend='jax' if desired")
/home/mike/Proyectos/SSEE/.venv/lib/python3.12/site-packages/mcfit/mcfit.py:130: UserWarning: use backend='jax' if desired
  warnings.warn("use backend='jax' if desired")
/home/mike/Proyectos/SSEE/.venv/lib/python3.12/site-packages/mcfit/mcfit.py:130: UserWarning: use backend='jax' if desired
  warnings.warn("use backend='jax' if desired")
[1 : mcmc] Learn + convergence test @ 21280 samples accepted.
[1 : mcmc] Ready to check convergence and learn a new proposal covmat (waiting for the rest...)
[2 : mcmc] Progress @ 2026-10-01 10:35:44 : 167056 steps taken, and 24574 accepted.
/home/mike/Proyectos/SSEE/.venv/lib/python3.12/site-packages/mcfit/mcfit.py:130: UserWarning: use backend='jax' if desired
  warnings.warn("use backend='jax' if desired")
[1 : mcmc] Progress @ 2026-10-01 10:35:44 : 139572 steps taken, and 21320 accepted.
/home/mike/Proyectos/SSEE/.venv/lib/python3.12/site-packages/mcfit/mcfit.py:130: UserWarning: use backend='jax' if desired
  warnings.warn("use backend='jax' if desired")
[3 : mcmc] Progress @ 2026-10-01 10:35:44 : 141751 steps taken, and 21445 accepted.
/home/mike/Proyectos/SSEE/.venv/lib/python3.12/site-packages/mcfit/mcfit.py:130: UserWarning: use backend='jax' if desired
  warnings.warn("use backend='jax' if desired")
[0 : mcmc] Progress @ 2026-10-01 10:35:44 : 126982 steps taken, and 19443 accepted.
/home/mike/Proyectos/SSEE/.venv/lib/python3.12/site-packages/mcfit/mcfit.py:130: UserWarning: use backend='jax' if desired
  warnings.warn("use backend='jax' if desired")
/home/mike/Proyectos/SSEE/.venv/lib/python3.12/site-packages/mcfit/mcfit.py:130: UserWarning: use backend='jax' if desired
  warnings.warn("use backend='jax' if desired")
/home/mike/Proyectos/SSEE/.venv/lib/python3.12/site-packages/mcfit/mcfit.py:130: UserWarning: use backend='jax' if desired
  warnings.warn("use backend='jax' if desired")
/home/mike/Proyectos/SSEE/.venv/lib/python3.12/site-packages/mcfit/mcfit.py:130: UserWarning: use backend='jax' if desired
  warnings.warn("use backend='jax' if desired")
/home/mike/Proyectos/SSEE/.venv/lib/python3.12/site-packages/mcfit/mcfit.py:130: UserWarning: use backend='jax' if desired
  warnings.warn("use backend='jax' if desired")
/home/mike/Proyectos/SSEE/.venv/lib/python3.12/site-packages/mcfit/mcfit.py:130: UserWarning: use backend='jax' if desired
  warnings.warn("use backend='jax' if desired")
[2 : mcmc] Learn + convergence test @ 25080 samples accepted.
[2 : mcmc] Progress @ 2026-10-01 10:36:44 : 170592 steps taken, and 25103 accepted.
/home/mike/Proyectos/SSEE/.venv/lib/python3.12/site-packages/mcfit/mcfit.py:130: UserWarning: use backend='jax' if desired
  warnings.warn("use backend='jax' if desired")
[1 : mcmc] Progress @ 2026-10-01 10:36:44 : 141542 steps taken, and 21587 accepted.
/home/mike/Proyectos/SSEE/.venv/lib/python3.12/site-packages/mcfit/mcfit.py:130: UserWarning: use backend='jax' if desired
  warnings.warn("use backend='jax' if desired")
[3 : mcmc] Progress @ 2026-10-01 10:36:44 : 143973 steps taken, and 21770 accepted.
/home/mike/Proyectos/SSEE/.venv/lib/python3.12/site-packages/mcfit/mcfit.py:130: UserWarning: use backend='jax' if desired
  warnings.warn("use backend='jax' if desired")
[0 : mcmc] Progress @ 2026-10-01 10:36:44 : 128954 steps taken, and 19699 accepted.
/home/mike/Proyectos/SSEE/.venv/lib/python3.12/site-packages/mcfit/mcfit.py:130: UserWarning: use backend='jax' if desired
  warnings.warn("use backend='jax' if desired")
[0 : mcmc] Learn + convergence test @ 19760 samples accepted.
[0 : mcmc] Ready to check convergence and learn a new proposal covmat (waiting for the rest...)
[0 : mcmc] All chains are ready to check convergence and learn a new proposal covmat
[0 : mcmc]  - Acceptance rate: 0.139 = avg([0.1382, 0.1380, 0.1389, 0.1397])
[0 : mcmc]  - Convergence of means: R-1 = 0.073369 after 88583 accepted steps = sum([19760, 21663, 25283, 21877])
[0 : mcmc]  - Updated covariance matrix of proposal pdf.
/home/mike/Proyectos/SSEE/.venv/lib/python3.12/site-packages/mcfit/mcfit.py:130: UserWarning: use backend='jax' if desired
  warnings.warn("use backend='jax' if desired")
/home/mike/Proyectos/SSEE/.venv/lib/python3.12/site-packages/mcfit/mcfit.py:130: UserWarning: use backend='jax' if desired
  warnings.warn("use backend='jax' if desired")
/home/mike/Proyectos/SSEE/.venv/lib/python3.12/site-packages/mcfit/mcfit.py:130: UserWarning: use backend='jax' if desired
  warnings.warn("use backend='jax' if desired")
/home/mike/Proyectos/SSEE/.venv/lib/python3.12/site-packages/mcfit/mcfit.py:130: UserWarning: use backend='jax' if desired
  warnings.warn("use backend='jax' if desired")
/home/mike/Proyectos/SSEE/.venv/lib/python3.12/site-packages/mcfit/mcfit.py:130: UserWarning: use backend='jax' if desired
  warnings.warn("use backend='jax' if desired")
[3 : mcmc] Learn + convergence test @ 22040 samples accepted.
[3 : mcmc] Ready to check convergence and learn a new proposal covmat (waiting for the rest...)
/home/mike/Proyectos/SSEE/.venv/lib/python3.12/site-packages/mcfit/mcfit.py:130: UserWarning: use backend='jax' if desired
  warnings.warn("use backend='jax' if desired")
/home/mike/Proyectos/SSEE/.venv/lib/python3.12/site-packages/mcfit/mcfit.py:130: UserWarning: use backend='jax' if desired
  warnings.warn("use backend='jax' if desired")
[2 : mcmc] Progress @ 2026-10-01 10:37:44 : 174146 steps taken, and 25614 accepted.
/home/mike/Proyectos/SSEE/.venv/lib/python3.12/site-packages/mcfit/mcfit.py:130: UserWarning: use backend='jax' if desired
  warnings.warn("use backend='jax' if desired")
[1 : mcmc] Progress @ 2026-10-01 10:37:44 : 143501 steps taken, and 21819 accepted.
/home/mike/Proyectos/SSEE/.venv/lib/python3.12/site-packages/mcfit/mcfit.py:130: UserWarning: use backend='jax' if desired
  warnings.warn("use backend='jax' if desired")
[3 : mcmc] Progress @ 2026-10-01 10:37:44 : 146172 steps taken, and 22098 accepted.
/home/mike/Proyectos/SSEE/.venv/lib/python3.12/site-packages/mcfit/mcfit.py:130: UserWarning: use backend='jax' if desired
  warnings.warn("use backend='jax' if desired")
[0 : mcmc] Progress @ 2026-10-01 10:37:44 : 130899 steps taken, and 19970 accepted.
/home/mike/Proyectos/SSEE/.venv/lib/python3.12/site-packages/mcfit/mcfit.py:130: UserWarning: use backend='jax' if desired
  warnings.warn("use backend='jax' if desired")
/home/mike/Proyectos/SSEE/.venv/lib/python3.12/site-packages/mcfit/mcfit.py:130: UserWarning: use backend='jax' if desired
  warnings.warn("use backend='jax' if desired")
[2 : mcmc] Learn + convergence test @ 25840 samples accepted.
[2 : mcmc] Ready to check convergence and learn a new proposal covmat (waiting for the rest...)
/home/mike/Proyectos/SSEE/.venv/lib/python3.12/site-packages/mcfit/mcfit.py:130: UserWarning: use backend='jax' if desired
  warnings.warn("use backend='jax' if desired")
/home/mike/Proyectos/SSEE/.venv/lib/python3.12/site-packages/mcfit/mcfit.py:130: UserWarning: use backend='jax' if desired
  warnings.warn("use backend='jax' if desired")
/home/mike/Proyectos/SSEE/.venv/lib/python3.12/site-packages/mcfit/mcfit.py:130: UserWarning: use backend='jax' if desired
  warnings.warn("use backend='jax' if desired")
[1 : mcmc] Learn + convergence test @ 22040 samples accepted.
[1 : mcmc] Ready to check convergence and learn a new proposal covmat (waiting for the rest...)
/home/mike/Proyectos/SSEE/.venv/lib/python3.12/site-packages/mcfit/mcfit.py:130: UserWarning: use backend='jax' if desired
  warnings.warn("use backend='jax' if desired")
[2 : mcmc] Progress @ 2026-10-01 10:38:44 : 177720 steps taken, and 26070 accepted.
/home/mike/Proyectos/SSEE/.venv/lib/python3.12/site-packages/mcfit/mcfit.py:130: UserWarning: use backend='jax' if desired
  warnings.warn("use backend='jax' if desired")
[1 : mcmc] Progress @ 2026-10-01 10:38:44 : 145473 steps taken, and 22092 accepted.
/home/mike/Proyectos/SSEE/.venv/lib/python3.12/site-packages/mcfit/mcfit.py:130: UserWarning: use backend='jax' if desired
  warnings.warn("use backend='jax' if desired")
[3 : mcmc] Progress @ 2026-10-01 10:38:44 : 148327 steps taken, and 22391 accepted.
/home/mike/Proyectos/SSEE/.venv/lib/python3.12/site-packages/mcfit/mcfit.py:130: UserWarning: use backend='jax' if desired
  warnings.warn("use backend='jax' if desired")
[0 : mcmc] Progress @ 2026-10-01 10:38:44 : 132864 steps taken, and 20266 accepted.
/home/mike/Proyectos/SSEE/.venv/lib/python3.12/site-packages/mcfit/mcfit.py:130: UserWarning: use backend='jax' if desired
  warnings.warn("use backend='jax' if desired")
/home/mike/Proyectos/SSEE/.venv/lib/python3.12/site-packages/mcfit/mcfit.py:130: UserWarning: use backend='jax' if desired
  warnings.warn("use backend='jax' if desired")
/home/mike/Proyectos/SSEE/.venv/lib/python3.12/site-packages/mcfit/mcfit.py:130: UserWarning: use backend='jax' if desired
  warnings.warn("use backend='jax' if desired")
/home/mike/Proyectos/SSEE/.venv/lib/python3.12/site-packages/mcfit/mcfit.py:130: UserWarning: use backend='jax' if desired
  warnings.warn("use backend='jax' if desired")
/home/mike/Proyectos/SSEE/.venv/lib/python3.12/site-packages/mcfit/mcfit.py:130: UserWarning: use backend='jax' if desired
  warnings.warn("use backend='jax' if desired")
/home/mike/Proyectos/SSEE/.venv/lib/python3.12/site-packages/mcfit/mcfit.py:130: UserWarning: use backend='jax' if desired
  warnings.warn("use backend='jax' if desired")
[0 : mcmc] Learn + convergence test @ 20520 samples accepted.
[0 : mcmc] Ready to check convergence and learn a new proposal covmat (waiting for the rest...)
[0 : mcmc] All chains are ready to check convergence and learn a new proposal covmat
[0 : mcmc]  - Acceptance rate: 0.139 = avg([0.1385, 0.1378, 0.1385, 0.1395])
[0 : mcmc]  - Convergence of means: R-1 = 0.059873 after 91943 accepted steps = sum([20520, 22315, 26483, 22625])
[0 : mcmc]  - Updated covariance matrix of proposal pdf.
/home/mike/Proyectos/SSEE/.venv/lib/python3.12/site-packages/mcfit/mcfit.py:130: UserWarning: use backend='jax' if desired
  warnings.warn("use backend='jax' if desired")
/home/mike/Proyectos/SSEE/.venv/lib/python3.12/site-packages/mcfit/mcfit.py:130: UserWarning: use backend='jax' if desired
  warnings.warn("use backend='jax' if desired")
/home/mike/Proyectos/SSEE/.venv/lib/python3.12/site-packages/mcfit/mcfit.py:130: UserWarning: use backend='jax' if desired
  warnings.warn("use backend='jax' if desired")
/home/mike/Proyectos/SSEE/.venv/lib/python3.12/site-packages/mcfit/mcfit.py:130: UserWarning: use backend='jax' if desired
  warnings.warn("use backend='jax' if desired")
[2 : mcmc] Progress @ 2026-10-01 10:39:44 : 181255 steps taken, and 26570 accepted.
/home/mike/Proyectos/SSEE/.venv/lib/python3.12/site-packages/mcfit/mcfit.py:130: UserWarning: use backend='jax' if desired
  warnings.warn("use backend='jax' if desired")
[1 : mcmc] Progress @ 2026-10-01 10:39:44 : 147473 steps taken, and 22349 accepted.
/home/mike/Proyectos/SSEE/.venv/lib/python3.12/site-packages/mcfit/mcfit.py:130: UserWarning: use backend='jax' if desired
  warnings.warn("use backend='jax' if desired")
[3 : mcmc] Progress @ 2026-10-01 10:39:44 : 150489 steps taken, and 22680 accepted.
/home/mike/Proyectos/SSEE/.venv/lib/python3.12/site-packages/mcfit/mcfit.py:130: UserWarning: use backend='jax' if desired
  warnings.warn("use backend='jax' if desired")
[0 : mcmc] Progress @ 2026-10-01 10:39:44 : 134807 steps taken, and 20572 accepted.
/home/mike/Proyectos/SSEE/.venv/lib/python3.12/site-packages/mcfit/mcfit.py:130: UserWarning: use backend='jax' if desired
  warnings.warn("use backend='jax' if desired")
[2 : mcmc] Learn + convergence test @ 26600 samples accepted.
[2 : mcmc] Ready to check convergence and learn a new proposal covmat (waiting for the rest...)
/home/mike/Proyectos/SSEE/.venv/lib/python3.12/site-packages/mcfit/mcfit.py:130: UserWarning: use backend='jax' if desired
  warnings.warn("use backend='jax' if desired")
[3 : mcmc] Learn + convergence test @ 22800 samples accepted.
[3 : mcmc] Ready to check convergence and learn a new proposal covmat (waiting for the rest...)
/home/mike/Proyectos/SSEE/.venv/lib/python3.12/site-packages/mcfit/mcfit.py:130: UserWarning: use backend='jax' if desired
  warnings.warn("use backend='jax' if desired")
/home/mike/Proyectos/SSEE/.venv/lib/python3.12/site-packages/mcfit/mcfit.py:130: UserWarning: use backend='jax' if desired
  warnings.warn("use backend='jax' if desired")
/home/mike/Proyectos/SSEE/.venv/lib/python3.12/site-packages/mcfit/mcfit.py:130: UserWarning: use backend='jax' if desired
  warnings.warn("use backend='jax' if desired")
/home/mike/Proyectos/SSEE/.venv/lib/python3.12/site-packages/mcfit/mcfit.py:130: UserWarning: use backend='jax' if desired
  warnings.warn("use backend='jax' if desired")
[2 : mcmc] Progress @ 2026-10-01 10:40:44 : 184761 steps taken, and 27103 accepted.
/home/mike/Proyectos/SSEE/.venv/lib/python3.12/site-packages/mcfit/mcfit.py:130: UserWarning: use backend='jax' if desired
  warnings.warn("use backend='jax' if desired")
[1 : mcmc] Progress @ 2026-10-01 10:40:44 : 149413 steps taken, and 22657 accepted.
/home/mike/Proyectos/SSEE/.venv/lib/python3.12/site-packages/mcfit/mcfit.py:130: UserWarning: use backend='jax' if desired
  warnings.warn("use backend='jax' if desired")
[3 : mcmc] Progress @ 2026-10-01 10:40:44 : 152661 steps taken, and 22970 accepted.
/home/mike/Proyectos/SSEE/.venv/lib/python3.12/site-packages/mcfit/mcfit.py:130: UserWarning: use backend='jax' if desired
  warnings.warn("use backend='jax' if desired")
[0 : mcmc] Progress @ 2026-10-01 10:40:44 : 136810 steps taken, and 20846 accepted.
/home/mike/Proyectos/SSEE/.venv/lib/python3.12/site-packages/mcfit/mcfit.py:130: UserWarning: use backend='jax' if desired
  warnings.warn("use backend='jax' if desired")
/home/mike/Proyectos/SSEE/.venv/lib/python3.12/site-packages/mcfit/mcfit.py:130: UserWarning: use backend='jax' if desired
  warnings.warn("use backend='jax' if desired")
[2 : mcmc] Learn + convergence test @ 27360 samples accepted.
[1 : mcmc] Learn + convergence test @ 22800 samples accepted.
[1 : mcmc] Ready to check convergence and learn a new proposal covmat (waiting for the rest...)
/home/mike/Proyectos/SSEE/.venv/lib/python3.12/site-packages/mcfit/mcfit.py:130: UserWarning: use backend='jax' if desired
  warnings.warn("use backend='jax' if desired")
/home/mike/Proyectos/SSEE/.venv/lib/python3.12/site-packages/mcfit/mcfit.py:130: UserWarning: use backend='jax' if desired
  warnings.warn("use backend='jax' if desired")
/home/mike/Proyectos/SSEE/.venv/lib/python3.12/site-packages/mcfit/mcfit.py:130: UserWarning: use backend='jax' if desired
  warnings.warn("use backend='jax' if desired")
/home/mike/Proyectos/SSEE/.venv/lib/python3.12/site-packages/mcfit/mcfit.py:130: UserWarning: use backend='jax' if desired
  warnings.warn("use backend='jax' if desired")
[2 : mcmc] Progress @ 2026-10-01 10:41:44 : 188311 steps taken, and 27625 accepted.
/home/mike/Proyectos/SSEE/.venv/lib/python3.12/site-packages/mcfit/mcfit.py:130: UserWarning: use backend='jax' if desired
  warnings.warn("use backend='jax' if desired")
[1 : mcmc] Progress @ 2026-10-01 10:41:44 : 151412 steps taken, and 22910 accepted.
/home/mike/Proyectos/SSEE/.venv/lib/python3.12/site-packages/mcfit/mcfit.py:130: UserWarning: use backend='jax' if desired
  warnings.warn("use backend='jax' if desired")
[3 : mcmc] Progress @ 2026-10-01 10:41:44 : 154864 steps taken, and 23289 accepted.
/home/mike/Proyectos/SSEE/.venv/lib/python3.12/site-packages/mcfit/mcfit.py:130: UserWarning: use backend='jax' if desired
  warnings.warn("use backend='jax' if desired")
[0 : mcmc] Progress @ 2026-10-01 10:41:44 : 138783 steps taken, and 21121 accepted.
/home/mike/Proyectos/SSEE/.venv/lib/python3.12/site-packages/mcfit/mcfit.py:130: UserWarning: use backend='jax' if desired
  warnings.warn("use backend='jax' if desired")
/home/mike/Proyectos/SSEE/.venv/lib/python3.12/site-packages/mcfit/mcfit.py:130: UserWarning: use backend='jax' if desired
  warnings.warn("use backend='jax' if desired")
[0 : mcmc] Learn + convergence test @ 21280 samples accepted.
[0 : mcmc] Ready to check convergence and learn a new proposal covmat (waiting for the rest...)
[0 : mcmc] All chains are ready to check convergence and learn a new proposal covmat
[0 : mcmc]  - Acceptance rate: 0.139 = avg([0.1393, 0.1380, 0.1395, 0.1396])
[0 : mcmc]  - Convergence of means: R-1 = 0.045738 after 95616 accepted steps = sum([21280, 23056, 27838, 23442])
[0 : mcmc]  - Updated covariance matrix of proposal pdf.
/home/mike/Proyectos/SSEE/.venv/lib/python3.12/site-packages/mcfit/mcfit.py:130: UserWarning: use backend='jax' if desired
  warnings.warn("use backend='jax' if desired")
/home/mike/Proyectos/SSEE/.venv/lib/python3.12/site-packages/mcfit/mcfit.py:130: UserWarning: use backend='jax' if desired
  warnings.warn("use backend='jax' if desired")
/home/mike/Proyectos/SSEE/.venv/lib/python3.12/site-packages/mcfit/mcfit.py:130: UserWarning: use backend='jax' if desired
  warnings.warn("use backend='jax' if desired")
/home/mike/Proyectos/SSEE/.venv/lib/python3.12/site-packages/mcfit/mcfit.py:130: UserWarning: use backend='jax' if desired
  warnings.warn("use backend='jax' if desired")
[3 : mcmc] Learn + convergence test @ 23560 samples accepted.
[3 : mcmc] Ready to check convergence and learn a new proposal covmat (waiting for the rest...)
/home/mike/Proyectos/SSEE/.venv/lib/python3.12/site-packages/mcfit/mcfit.py:130: UserWarning: use backend='jax' if desired
  warnings.warn("use backend='jax' if desired")
[2 : mcmc] Progress @ 2026-10-01 10:42:44 : 191897 steps taken, and 28116 accepted.
/home/mike/Proyectos/SSEE/.venv/lib/python3.12/site-packages/mcfit/mcfit.py:130: UserWarning: use backend='jax' if desired
  warnings.warn("use backend='jax' if desired")
[1 : mcmc] Progress @ 2026-10-01 10:42:44 : 153363 steps taken, and 23216 accepted.
/home/mike/Proyectos/SSEE/.venv/lib/python3.12/site-packages/mcfit/mcfit.py:130: UserWarning: use backend='jax' if desired
  warnings.warn("use backend='jax' if desired")
[3 : mcmc] Progress @ 2026-10-01 10:42:44 : 157049 steps taken, and 23610 accepted.
/home/mike/Proyectos/SSEE/.venv/lib/python3.12/site-packages/mcfit/mcfit.py:130: UserWarning: use backend='jax' if desired
  warnings.warn("use backend='jax' if desired")
[0 : mcmc] Progress @ 2026-10-01 10:42:44 : 140750 steps taken, and 21432 accepted.
/home/mike/Proyectos/SSEE/.venv/lib/python3.12/site-packages/mcfit/mcfit.py:130: UserWarning: use backend='jax' if desired
  warnings.warn("use backend='jax' if desired")
[2 : mcmc] Learn + convergence test @ 28120 samples accepted.
[2 : mcmc] Ready to check convergence and learn a new proposal covmat (waiting for the rest...)
/home/mike/Proyectos/SSEE/.venv/lib/python3.12/site-packages/mcfit/mcfit.py:130: UserWarning: use backend='jax' if desired
  warnings.warn("use backend='jax' if desired")
/home/mike/Proyectos/SSEE/.venv/lib/python3.12/site-packages/mcfit/mcfit.py:130: UserWarning: use backend='jax' if desired
  warnings.warn("use backend='jax' if desired")
/home/mike/Proyectos/SSEE/.venv/lib/python3.12/site-packages/mcfit/mcfit.py:130: UserWarning: use backend='jax' if desired
  warnings.warn("use backend='jax' if desired")
/home/mike/Proyectos/SSEE/.venv/lib/python3.12/site-packages/mcfit/mcfit.py:130: UserWarning: use backend='jax' if desired
  warnings.warn("use backend='jax' if desired")
/home/mike/Proyectos/SSEE/.venv/lib/python3.12/site-packages/mcfit/mcfit.py:130: UserWarning: use backend='jax' if desired
  warnings.warn("use backend='jax' if desired")
[2 : mcmc] Progress @ 2026-10-01 10:43:44 : 195452 steps taken, and 28609 accepted.
/home/mike/Proyectos/SSEE/.venv/lib/python3.12/site-packages/mcfit/mcfit.py:130: UserWarning: use backend='jax' if desired
  warnings.warn("use backend='jax' if desired")
[1 : mcmc] Progress @ 2026-10-01 10:43:44 : 155334 steps taken, and 23525 accepted.
/home/mike/Proyectos/SSEE/.venv/lib/python3.12/site-packages/mcfit/mcfit.py:130: UserWarning: use backend='jax' if desired
  warnings.warn("use backend='jax' if desired")
[3 : mcmc] Progress @ 2026-10-01 10:43:44 : 159240 steps taken, and 23882 accepted.
/home/mike/Proyectos/SSEE/.venv/lib/python3.12/site-packages/mcfit/mcfit.py:130: UserWarning: use backend='jax' if desired
  warnings.warn("use backend='jax' if desired")
[0 : mcmc] Progress @ 2026-10-01 10:43:44 : 142715 steps taken, and 21749 accepted.
/home/mike/Proyectos/SSEE/.venv/lib/python3.12/site-packages/mcfit/mcfit.py:130: UserWarning: use backend='jax' if desired
  warnings.warn("use backend='jax' if desired")
[1 : mcmc] Learn + convergence test @ 23560 samples accepted.
[1 : mcmc] Ready to check convergence and learn a new proposal covmat (waiting for the rest...)
/home/mike/Proyectos/SSEE/.venv/lib/python3.12/site-packages/mcfit/mcfit.py:130: UserWarning: use backend='jax' if desired
  warnings.warn("use backend='jax' if desired")
/home/mike/Proyectos/SSEE/.venv/lib/python3.12/site-packages/mcfit/mcfit.py:130: UserWarning: use backend='jax' if desired
  warnings.warn("use backend='jax' if desired")
[2 : mcmc] Learn + convergence test @ 28880 samples accepted.
/home/mike/Proyectos/SSEE/.venv/lib/python3.12/site-packages/mcfit/mcfit.py:130: UserWarning: use backend='jax' if desired
  warnings.warn("use backend='jax' if desired")
/home/mike/Proyectos/SSEE/.venv/lib/python3.12/site-packages/mcfit/mcfit.py:130: UserWarning: use backend='jax' if desired
  warnings.warn("use backend='jax' if desired")
/home/mike/Proyectos/SSEE/.venv/lib/python3.12/site-packages/mcfit/mcfit.py:130: UserWarning: use backend='jax' if desired
  warnings.warn("use backend='jax' if desired")
[2 : mcmc] Progress @ 2026-10-01 10:44:44 : 199049 steps taken, and 29037 accepted.
/home/mike/Proyectos/SSEE/.venv/lib/python3.12/site-packages/mcfit/mcfit.py:130: UserWarning: use backend='jax' if desired
  warnings.warn("use backend='jax' if desired")
[1 : mcmc] Progress @ 2026-10-01 10:44:44 : 157565 steps taken, and 23779 accepted.
/home/mike/Proyectos/SSEE/.venv/lib/python3.12/site-packages/mcfit/mcfit.py:130: UserWarning: use backend='jax' if desired
  warnings.warn("use backend='jax' if desired")
[3 : mcmc] Progress @ 2026-10-01 10:44:44 : 161483 steps taken, and 24133 accepted.
/home/mike/Proyectos/SSEE/.venv/lib/python3.12/site-packages/mcfit/mcfit.py:130: UserWarning: use backend='jax' if desired
  warnings.warn("use backend='jax' if desired")
[0 : mcmc] Progress @ 2026-10-01 10:44:44 : 144690 steps taken, and 22029 accepted.
/home/mike/Proyectos/SSEE/.venv/lib/python3.12/site-packages/mcfit/mcfit.py:130: UserWarning: use backend='jax' if desired
  warnings.warn("use backend='jax' if desired")
[0 : mcmc] Learn + convergence test @ 22040 samples accepted.
[0 : mcmc] Ready to check convergence and learn a new proposal covmat (waiting for the rest...)
[0 : mcmc] All chains are ready to check convergence and learn a new proposal covmat
[0 : mcmc]  - Acceptance rate: 0.139 = avg([0.1404, 0.1382, 0.1382, 0.1387])
[0 : mcmc]  - Convergence of means: R-1 = 0.050901 after 99037 accepted steps = sum([22040, 23795, 29051, 24151])
[0 : mcmc]  - Updated covariance matrix of proposal pdf.
/home/mike/Proyectos/SSEE/.venv/lib/python3.12/site-packages/mcfit/mcfit.py:130: UserWarning: use backend='jax' if desired
  warnings.warn("use backend='jax' if desired")
/home/mike/Proyectos/SSEE/.venv/lib/python3.12/site-packages/mcfit/mcfit.py:130: UserWarning: use backend='jax' if desired
  warnings.warn("use backend='jax' if desired")
/home/mike/Proyectos/SSEE/.venv/lib/python3.12/site-packages/mcfit/mcfit.py:130: UserWarning: use backend='jax' if desired
  warnings.warn("use backend='jax' if desired")
/home/mike/Proyectos/SSEE/.venv/lib/python3.12/site-packages/mcfit/mcfit.py:130: UserWarning: use backend='jax' if desired
  warnings.warn("use backend='jax' if desired")
/home/mike/Proyectos/SSEE/.venv/lib/python3.12/site-packages/mcfit/mcfit.py:130: UserWarning: use backend='jax' if desired
  warnings.warn("use backend='jax' if desired")
[3 : mcmc] Learn + convergence test @ 24320 samples accepted.
[3 : mcmc] Ready to check convergence and learn a new proposal covmat (waiting for the rest...)
/home/mike/Proyectos/SSEE/.venv/lib/python3.12/site-packages/mcfit/mcfit.py:130: UserWarning: use backend='jax' if desired
  warnings.warn("use backend='jax' if desired")
/home/mike/Proyectos/SSEE/.venv/lib/python3.12/site-packages/mcfit/mcfit.py:130: UserWarning: use backend='jax' if desired
  warnings.warn("use backend='jax' if desired")
/home/mike/Proyectos/SSEE/.venv/lib/python3.12/site-packages/mcfit/mcfit.py:130: UserWarning: use backend='jax' if desired
  warnings.warn("use backend='jax' if desired")
/home/mike/Proyectos/SSEE/.venv/lib/python3.12/site-packages/mcfit/mcfit.py:130: UserWarning: use backend='jax' if desired
  warnings.warn("use backend='jax' if desired")
[2 : mcmc] Progress @ 2026-10-01 10:45:44 : 202647 steps taken, and 29501 accepted.
/home/mike/Proyectos/SSEE/.venv/lib/python3.12/site-packages/mcfit/mcfit.py:130: UserWarning: use backend='jax' if desired
  warnings.warn("use backend='jax' if desired")
[1 : mcmc] Progress @ 2026-10-01 10:45:44 : 159545 steps taken, and 24047 accepted.
/home/mike/Proyectos/SSEE/.venv/lib/python3.12/site-packages/mcfit/mcfit.py:130: UserWarning: use backend='jax' if desired
  warnings.warn("use backend='jax' if desired")
[3 : mcmc] Progress @ 2026-10-01 10:45:44 : 163679 steps taken, and 24417 accepted.
/home/mike/Proyectos/SSEE/.venv/lib/python3.12/site-packages/mcfit/mcfit.py:130: UserWarning: use backend='jax' if desired
  warnings.warn("use backend='jax' if desired")
[0 : mcmc] Progress @ 2026-10-01 10:45:44 : 146681 steps taken, and 22300 accepted.
/home/mike/Proyectos/SSEE/.venv/lib/python3.12/site-packages/mcfit/mcfit.py:130: UserWarning: use backend='jax' if desired
  warnings.warn("use backend='jax' if desired")
[2 : mcmc] Learn + convergence test @ 29640 samples accepted.
[2 : mcmc] Ready to check convergence and learn a new proposal covmat (waiting for the rest...)
/home/mike/Proyectos/SSEE/.venv/lib/python3.12/site-packages/mcfit/mcfit.py:130: UserWarning: use backend='jax' if desired
  warnings.warn("use backend='jax' if desired")
/home/mike/Proyectos/SSEE/.venv/lib/python3.12/site-packages/mcfit/mcfit.py:130: UserWarning: use backend='jax' if desired
  warnings.warn("use backend='jax' if desired")
/home/mike/Proyectos/SSEE/.venv/lib/python3.12/site-packages/mcfit/mcfit.py:130: UserWarning: use backend='jax' if desired
  warnings.warn("use backend='jax' if desired")
/home/mike/Proyectos/SSEE/.venv/lib/python3.12/site-packages/mcfit/mcfit.py:130: UserWarning: use backend='jax' if desired
  warnings.warn("use backend='jax' if desired")
/home/mike/Proyectos/SSEE/.venv/lib/python3.12/site-packages/mcfit/mcfit.py:130: UserWarning: use backend='jax' if desired
  warnings.warn("use backend='jax' if desired")
[1 : mcmc] Learn + convergence test @ 24320 samples accepted.
[1 : mcmc] Ready to check convergence and learn a new proposal covmat (waiting for the rest...)
[2 : mcmc] Progress @ 2026-10-01 10:46:44 : 206198 steps taken, and 29999 accepted.
/home/mike/Proyectos/SSEE/.venv/lib/python3.12/site-packages/mcfit/mcfit.py:130: UserWarning: use backend='jax' if desired
  warnings.warn("use backend='jax' if desired")
[1 : mcmc] Progress @ 2026-10-01 10:46:44 : 161509 steps taken, and 24335 accepted.
/home/mike/Proyectos/SSEE/.venv/lib/python3.12/site-packages/mcfit/mcfit.py:130: UserWarning: use backend='jax' if desired
  warnings.warn("use backend='jax' if desired")
[3 : mcmc] Progress @ 2026-10-01 10:46:44 : 165863 steps taken, and 24733 accepted.
/home/mike/Proyectos/SSEE/.venv/lib/python3.12/site-packages/mcfit/mcfit.py:130: UserWarning: use backend='jax' if desired
  warnings.warn("use backend='jax' if desired")
[0 : mcmc] Progress @ 2026-10-01 10:46:44 : 148654 steps taken, and 22554 accepted.
/home/mike/Proyectos/SSEE/.venv/lib/python3.12/site-packages/mcfit/mcfit.py:130: UserWarning: use backend='jax' if desired
  warnings.warn("use backend='jax' if desired")
/home/mike/Proyectos/SSEE/.venv/lib/python3.12/site-packages/mcfit/mcfit.py:130: UserWarning: use backend='jax' if desired
  warnings.warn("use backend='jax' if desired")
/home/mike/Proyectos/SSEE/.venv/lib/python3.12/site-packages/mcfit/mcfit.py:130: UserWarning: use backend='jax' if desired
  warnings.warn("use backend='jax' if desired")
/home/mike/Proyectos/SSEE/.venv/lib/python3.12/site-packages/mcfit/mcfit.py:130: UserWarning: use backend='jax' if desired
  warnings.warn("use backend='jax' if desired")
[2 : mcmc] Learn + convergence test @ 30400 samples accepted.
/home/mike/Proyectos/SSEE/.venv/lib/python3.12/site-packages/mcfit/mcfit.py:130: UserWarning: use backend='jax' if desired
  warnings.warn("use backend='jax' if desired")
/home/mike/Proyectos/SSEE/.venv/lib/python3.12/site-packages/mcfit/mcfit.py:130: UserWarning: use backend='jax' if desired
  warnings.warn("use backend='jax' if desired")
[2 : mcmc] Progress @ 2026-10-01 10:47:44 : 209771 steps taken, and 30479 accepted.
/home/mike/Proyectos/SSEE/.venv/lib/python3.12/site-packages/mcfit/mcfit.py:130: UserWarning: use backend='jax' if desired
  warnings.warn("use backend='jax' if desired")
[1 : mcmc] Progress @ 2026-10-01 10:47:44 : 163506 steps taken, and 24573 accepted.
/home/mike/Proyectos/SSEE/.venv/lib/python3.12/site-packages/mcfit/mcfit.py:130: UserWarning: use backend='jax' if desired
  warnings.warn("use backend='jax' if desired")
[3 : mcmc] Progress @ 2026-10-01 10:47:44 : 168071 steps taken, and 25077 accepted.
/home/mike/Proyectos/SSEE/.venv/lib/python3.12/site-packages/mcfit/mcfit.py:130: UserWarning: use backend='jax' if desired
  warnings.warn("use backend='jax' if desired")
[0 : mcmc] Progress @ 2026-10-01 10:47:44 : 150626 steps taken, and 22793 accepted.
/home/mike/Proyectos/SSEE/.venv/lib/python3.12/site-packages/mcfit/mcfit.py:130: UserWarning: use backend='jax' if desired
  warnings.warn("use backend='jax' if desired")
[3 : mcmc] Learn + convergence test @ 25080 samples accepted.
[0 : mcmc] Learn + convergence test @ 22800 samples accepted.
[0 : mcmc] Ready to check convergence and learn a new proposal covmat (waiting for the rest...)
[0 : mcmc] All chains are ready to check convergence and learn a new proposal covmat
[0 : mcmc]  - Acceptance rate: 0.139 = avg([0.1398, 0.1379, 0.1384, 0.1388])
[0 : mcmc]  - Convergence of means: R-1 = 0.050262 after 103001 accepted steps = sum([22800, 24595, 30517, 25089])
[0 : mcmc]  - Updated covariance matrix of proposal pdf.
/home/mike/Proyectos/SSEE/.venv/lib/python3.12/site-packages/mcfit/mcfit.py:130: UserWarning: use backend='jax' if desired
  warnings.warn("use backend='jax' if desired")
/home/mike/Proyectos/SSEE/.venv/lib/python3.12/site-packages/mcfit/mcfit.py:130: UserWarning: use backend='jax' if desired
  warnings.warn("use backend='jax' if desired")
/home/mike/Proyectos/SSEE/.venv/lib/python3.12/site-packages/mcfit/mcfit.py:130: UserWarning: use backend='jax' if desired
  warnings.warn("use backend='jax' if desired")
/home/mike/Proyectos/SSEE/.venv/lib/python3.12/site-packages/mcfit/mcfit.py:130: UserWarning: use backend='jax' if desired
  warnings.warn("use backend='jax' if desired")
/home/mike/Proyectos/SSEE/.venv/lib/python3.12/site-packages/mcfit/mcfit.py:130: UserWarning: use backend='jax' if desired
  warnings.warn("use backend='jax' if desired")
/home/mike/Proyectos/SSEE/.venv/lib/python3.12/site-packages/mcfit/mcfit.py:130: UserWarning: use backend='jax' if desired
  warnings.warn("use backend='jax' if desired")
/home/mike/Proyectos/SSEE/.venv/lib/python3.12/site-packages/mcfit/mcfit.py:130: UserWarning: use backend='jax' if desired
  warnings.warn("use backend='jax' if desired")
/home/mike/Proyectos/SSEE/.venv/lib/python3.12/site-packages/mcfit/mcfit.py:130: UserWarning: use backend='jax' if desired
  warnings.warn("use backend='jax' if desired")
/home/mike/Proyectos/SSEE/.venv/lib/python3.12/site-packages/mcfit/mcfit.py:130: UserWarning: use backend='jax' if desired
  warnings.warn("use backend='jax' if desired")
[2 : mcmc] Progress @ 2026-10-01 10:48:44 : 213408 steps taken, and 30950 accepted.
/home/mike/Proyectos/SSEE/.venv/lib/python3.12/site-packages/mcfit/mcfit.py:130: UserWarning: use backend='jax' if desired
  warnings.warn("use backend='jax' if desired")
[1 : mcmc] Progress @ 2026-10-01 10:48:44 : 165476 steps taken, and 24854 accepted.
/home/mike/Proyectos/SSEE/.venv/lib/python3.12/site-packages/mcfit/mcfit.py:130: UserWarning: use backend='jax' if desired
  warnings.warn("use backend='jax' if desired")
[3 : mcmc] Progress @ 2026-10-01 10:48:44 : 170266 steps taken, and 25427 accepted.
/home/mike/Proyectos/SSEE/.venv/lib/python3.12/site-packages/mcfit/mcfit.py:130: UserWarning: use backend='jax' if desired
  warnings.warn("use backend='jax' if desired")
[0 : mcmc] Progress @ 2026-10-01 10:48:44 : 152588 steps taken, and 23063 accepted.
/home/mike/Proyectos/SSEE/.venv/lib/python3.12/site-packages/mcfit/mcfit.py:130: UserWarning: use backend='jax' if desired
  warnings.warn("use backend='jax' if desired")
/home/mike/Proyectos/SSEE/.venv/lib/python3.12/site-packages/mcfit/mcfit.py:130: UserWarning: use backend='jax' if desired
  warnings.warn("use backend='jax' if desired")
[2 : mcmc] Learn + convergence test @ 31160 samples accepted.
[2 : mcmc] Ready to check convergence and learn a new proposal covmat (waiting for the rest...)
/home/mike/Proyectos/SSEE/.venv/lib/python3.12/site-packages/mcfit/mcfit.py:130: UserWarning: use backend='jax' if desired
  warnings.warn("use backend='jax' if desired")
/home/mike/Proyectos/SSEE/.venv/lib/python3.12/site-packages/mcfit/mcfit.py:130: UserWarning: use backend='jax' if desired
  warnings.warn("use backend='jax' if desired")
/home/mike/Proyectos/SSEE/.venv/lib/python3.12/site-packages/mcfit/mcfit.py:130: UserWarning: use backend='jax' if desired
  warnings.warn("use backend='jax' if desired")
/home/mike/Proyectos/SSEE/.venv/lib/python3.12/site-packages/mcfit/mcfit.py:130: UserWarning: use backend='jax' if desired
  warnings.warn("use backend='jax' if desired")
[1 : mcmc] Learn + convergence test @ 25080 samples accepted.
[1 : mcmc] Ready to check convergence and learn a new proposal covmat (waiting for the rest...)
[2 : mcmc] Progress @ 2026-10-01 10:49:44 : 216956 steps taken, and 31432 accepted.
/home/mike/Proyectos/SSEE/.venv/lib/python3.12/site-packages/mcfit/mcfit.py:130: UserWarning: use backend='jax' if desired
  warnings.warn("use backend='jax' if desired")
[1 : mcmc] Progress @ 2026-10-01 10:49:44 : 167441 steps taken, and 25082 accepted.
/home/mike/Proyectos/SSEE/.venv/lib/python3.12/site-packages/mcfit/mcfit.py:130: UserWarning: use backend='jax' if desired
  warnings.warn("use backend='jax' if desired")
[3 : mcmc] Progress @ 2026-10-01 10:49:44 : 172433 steps taken, and 25724 accepted.
/home/mike/Proyectos/SSEE/.venv/lib/python3.12/site-packages/mcfit/mcfit.py:130: UserWarning: use backend='jax' if desired
  warnings.warn("use backend='jax' if desired")
[0 : mcmc] Progress @ 2026-10-01 10:49:44 : 154540 steps taken, and 23353 accepted.
/home/mike/Proyectos/SSEE/.venv/lib/python3.12/site-packages/mcfit/mcfit.py:130: UserWarning: use backend='jax' if desired
  warnings.warn("use backend='jax' if desired")
[3 : mcmc] Learn + convergence test @ 25840 samples accepted.
[3 : mcmc] Ready to check convergence and learn a new proposal covmat (waiting for the rest...)
/home/mike/Proyectos/SSEE/.venv/lib/python3.12/site-packages/mcfit/mcfit.py:130: UserWarning: use backend='jax' if desired
  warnings.warn("use backend='jax' if desired")
/home/mike/Proyectos/SSEE/.venv/lib/python3.12/site-packages/mcfit/mcfit.py:130: UserWarning: use backend='jax' if desired
  warnings.warn("use backend='jax' if desired")
/home/mike/Proyectos/SSEE/.venv/lib/python3.12/site-packages/mcfit/mcfit.py:130: UserWarning: use backend='jax' if desired
  warnings.warn("use backend='jax' if desired")
/home/mike/Proyectos/SSEE/.venv/lib/python3.12/site-packages/mcfit/mcfit.py:130: UserWarning: use backend='jax' if desired
  warnings.warn("use backend='jax' if desired")
[0 : mcmc] Learn + convergence test @ 23560 samples accepted.
[0 : mcmc] Ready to check convergence and learn a new proposal covmat (waiting for the rest...)
[0 : mcmc] All chains are ready to check convergence and learn a new proposal covmat
[0 : mcmc]  - Acceptance rate: 0.139 = avg([0.1395, 0.1379, 0.1383, 0.1389])
[0 : mcmc]  - Convergence of means: R-1 = 0.045091 after 106575 accepted steps = sum([23560, 25298, 31765, 25952])
[0 : mcmc]  - Updated covariance matrix of proposal pdf.
/home/mike/Proyectos/SSEE/.venv/lib/python3.12/site-packages/mcfit/mcfit.py:130: UserWarning: use backend='jax' if desired
  warnings.warn("use backend='jax' if desired")
/home/mike/Proyectos/SSEE/.venv/lib/python3.12/site-packages/mcfit/mcfit.py:130: UserWarning: use backend='jax' if desired
  warnings.warn("use backend='jax' if desired")
/home/mike/Proyectos/SSEE/.venv/lib/python3.12/site-packages/mcfit/mcfit.py:130: UserWarning: use backend='jax' if desired
  warnings.warn("use backend='jax' if desired")
/home/mike/Proyectos/SSEE/.venv/lib/python3.12/site-packages/mcfit/mcfit.py:130: UserWarning: use backend='jax' if desired
  warnings.warn("use backend='jax' if desired")
[2 : mcmc] Progress @ 2026-10-01 10:50:44 : 220325 steps taken, and 31912 accepted.
/home/mike/Proyectos/SSEE/.venv/lib/python3.12/site-packages/mcfit/mcfit.py:130: UserWarning: use backend='jax' if desired
  warnings.warn("use backend='jax' if desired")
[1 : mcmc] Progress @ 2026-10-01 10:50:44 : 169969 steps taken, and 25452 accepted.
/home/mike/Proyectos/SSEE/.venv/lib/python3.12/site-packages/mcfit/mcfit.py:130: UserWarning: use backend='jax' if desired
  warnings.warn("use backend='jax' if desired")
[3 : mcmc] Progress @ 2026-10-01 10:50:44 : 174600 steps taken, and 26067 accepted.
/home/mike/Proyectos/SSEE/.venv/lib/python3.12/site-packages/mcfit/mcfit.py:130: UserWarning: use backend='jax' if desired
  warnings.warn("use backend='jax' if desired")
[0 : mcmc] Progress @ 2026-10-01 10:50:44 : 156728 steps taken, and 23628 accepted.
/home/mike/Proyectos/SSEE/.venv/lib/python3.12/site-packages/mcfit/mcfit.py:130: UserWarning: use backend='jax' if desired
  warnings.warn("use backend='jax' if desired")
[2 : mcmc] Learn + convergence test @ 31920 samples accepted.
[2 : mcmc] Ready to check convergence and learn a new proposal covmat (waiting for the rest...)
/home/mike/Proyectos/SSEE/.venv/lib/python3.12/site-packages/mcfit/mcfit.py:130: UserWarning: use backend='jax' if desired
  warnings.warn("use backend='jax' if desired")
/home/mike/Proyectos/SSEE/.venv/lib/python3.12/site-packages/mcfit/mcfit.py:130: UserWarning: use backend='jax' if desired
  warnings.warn("use backend='jax' if desired")
/home/mike/Proyectos/SSEE/.venv/lib/python3.12/site-packages/mcfit/mcfit.py:130: UserWarning: use backend='jax' if desired
  warnings.warn("use backend='jax' if desired")
/home/mike/Proyectos/SSEE/.venv/lib/python3.12/site-packages/mcfit/mcfit.py:130: UserWarning: use backend='jax' if desired
  warnings.warn("use backend='jax' if desired")
/home/mike/Proyectos/SSEE/.venv/lib/python3.12/site-packages/mcfit/mcfit.py:130: UserWarning: use backend='jax' if desired
  warnings.warn("use backend='jax' if desired")
[1 : mcmc] Learn + convergence test @ 25840 samples accepted.
[1 : mcmc] Ready to check convergence and learn a new proposal covmat (waiting for the rest...)
/home/mike/Proyectos/SSEE/.venv/lib/python3.12/site-packages/mcfit/mcfit.py:130: UserWarning: use backend='jax' if desired
  warnings.warn("use backend='jax' if desired")
[2 : mcmc] Progress @ 2026-10-01 10:51:44 : 223846 steps taken, and 32449 accepted.
/home/mike/Proyectos/SSEE/.venv/lib/python3.12/site-packages/mcfit/mcfit.py:130: UserWarning: use backend='jax' if desired
  warnings.warn("use backend='jax' if desired")
[1 : mcmc] Progress @ 2026-10-01 10:51:44 : 173526 steps taken, and 25910 accepted.
/home/mike/Proyectos/SSEE/.venv/lib/python3.12/site-packages/mcfit/mcfit.py:130: UserWarning: use backend='jax' if desired
  warnings.warn("use backend='jax' if desired")
[3 : mcmc] Progress @ 2026-10-01 10:51:44 : 176815 steps taken, and 26368 accepted.
/home/mike/Proyectos/SSEE/.venv/lib/python3.12/site-packages/mcfit/mcfit.py:130: UserWarning: use backend='jax' if desired
  warnings.warn("use backend='jax' if desired")
[0 : mcmc] Progress @ 2026-10-01 10:51:44 : 158960 steps taken, and 23994 accepted.
/home/mike/Proyectos/SSEE/.venv/lib/python3.12/site-packages/mcfit/mcfit.py:130: UserWarning: use backend='jax' if desired
  warnings.warn("use backend='jax' if desired")
/home/mike/Proyectos/SSEE/.venv/lib/python3.12/site-packages/mcfit/mcfit.py:130: UserWarning: use backend='jax' if desired
  warnings.warn("use backend='jax' if desired")
/home/mike/Proyectos/SSEE/.venv/lib/python3.12/site-packages/mcfit/mcfit.py:130: UserWarning: use backend='jax' if desired
  warnings.warn("use backend='jax' if desired")
[2 : mcmc] Learn + convergence test @ 32680 samples accepted.
/home/mike/Proyectos/SSEE/.venv/lib/python3.12/site-packages/mcfit/mcfit.py:130: UserWarning: use backend='jax' if desired
  warnings.warn("use backend='jax' if desired")
/home/mike/Proyectos/SSEE/.venv/lib/python3.12/site-packages/mcfit/mcfit.py:130: UserWarning: use backend='jax' if desired
  warnings.warn("use backend='jax' if desired")
[3 : mcmc] Learn + convergence test @ 26600 samples accepted.
[3 : mcmc] Ready to check convergence and learn a new proposal covmat (waiting for the rest...)
/home/mike/Proyectos/SSEE/.venv/lib/python3.12/site-packages/mcfit/mcfit.py:130: UserWarning: use backend='jax' if desired
  warnings.warn("use backend='jax' if desired")
/home/mike/Proyectos/SSEE/.venv/lib/python3.12/site-packages/mcfit/mcfit.py:130: UserWarning: use backend='jax' if desired
  warnings.warn("use backend='jax' if desired")
[2 : mcmc] Progress @ 2026-10-01 10:52:44 : 227362 steps taken, and 32917 accepted.
/home/mike/Proyectos/SSEE/.venv/lib/python3.12/site-packages/mcfit/mcfit.py:130: UserWarning: use backend='jax' if desired
  warnings.warn("use backend='jax' if desired")
[1 : mcmc] Progress @ 2026-10-01 10:52:44 : 177097 steps taken, and 26411 accepted.
/home/mike/Proyectos/SSEE/.venv/lib/python3.12/site-packages/mcfit/mcfit.py:130: UserWarning: use backend='jax' if desired
  warnings.warn("use backend='jax' if desired")
[3 : mcmc] Progress @ 2026-10-01 10:52:44 : 178991 steps taken, and 26682 accepted.
/home/mike/Proyectos/SSEE/.venv/lib/python3.12/site-packages/mcfit/mcfit.py:130: UserWarning: use backend='jax' if desired
  warnings.warn("use backend='jax' if desired")
[0 : mcmc] Progress @ 2026-10-01 10:52:44 : 161156 steps taken, and 24286 accepted.
/home/mike/Proyectos/SSEE/.venv/lib/python3.12/site-packages/mcfit/mcfit.py:130: UserWarning: use backend='jax' if desired
  warnings.warn("use backend='jax' if desired")
[0 : mcmc] Learn + convergence test @ 24320 samples accepted.
[0 : mcmc] Ready to check convergence and learn a new proposal covmat (waiting for the rest...)
[0 : mcmc] All chains are ready to check convergence and learn a new proposal covmat
[0 : mcmc]  - Acceptance rate: 0.139 = avg([0.1397, 0.1366, 0.1388, 0.1390])
[0 : mcmc]  - Convergence of means: R-1 = 0.047114 after 110463 accepted steps = sum([24320, 26459, 32966, 26718])
[0 : mcmc]  - Convergence of bounds: R-1 = 0.119570 after 110463 accepted steps = sum([24320, 26459, 32966, 26718])
[0 : mcmc] The run has converged!
[0 : mcmc] Sampling complete after 110463 accepted steps.

TERMINADO en 1.25 h

TERMINADO en 1.24 h

TERMINADO en 1.24 h

TERMINADO en 1.24 h
