[0 : output] Output to be read-from/written-into folder '/mnt/datos/SSEE_data/chains_p6/kids', with prefix 'lcdmfijo'
[0 : output] Found existing info files with the requested output prefix: '/mnt/datos/SSEE_data/chains_p6/kids/lcdmfijo'
[0 : output] Will delete previous products ('force' was requested).
[0 : p06_growth.cobaya_kids.loglike_lcdm_fijo] Initialized external likelihood.
[1 : p06_growth.cobaya_kids.loglike_lcdm_fijo] Initialized external likelihood.
[2 : p06_growth.cobaya_kids.loglike_lcdm_fijo] Initialized external likelihood.
[3 : p06_growth.cobaya_kids.loglike_lcdm_fijo] Initialized external likelihood.
[0 : mcmc] Getting initial point... (this may take a few seconds)
[2 : mcmc] Getting initial point... (this may take a few seconds)
[3 : mcmc] Getting initial point... (this may take a few seconds)
[1 : mcmc] Getting initial point... (this may take a few seconds)
[1 : mcmc] Initial point: logA:3.04, halo_A:2.6, A_IA:1, dz1:0, dz2:-0.002, dz3:-0.013, dz4:-0.011, dz5:0.006, delta_c:0
[0 : mcmc] Initial point: logA:3.04, halo_A:2.6, A_IA:1, dz1:0, dz2:-0.002, dz3:-0.013, dz4:-0.011, dz5:0.006, delta_c:0
[3 : mcmc] Initial point: logA:3.04, halo_A:2.6, A_IA:1, dz1:0, dz2:-0.002, dz3:-0.013, dz4:-0.011, dz5:0.006, delta_c:0
[0 : model] Measuring speeds... (this may take a few seconds)
[2 : mcmc] Initial point: logA:3.04, halo_A:2.6, A_IA:1, dz1:0, dz2:-0.002, dz3:-0.013, dz4:-0.011, dz5:0.006, delta_c:0
[0 : model] Setting measured speeds (per sec): {p06_growth.cobaya_kids.loglike_lcdm_fijo: 0.0406}
[0 : mcmc] Covariance matrix not present. We will start learning the covariance of the proposal earlier: R-1 = 30 (would be 2 if all params loaded).
[0 : mcmc] Sampling!
[3 : mcmc] Progress @ 2026-09-07 19:44:53 : 1 steps taken, and 0 accepted.
[0 : mcmc] Progress @ 2026-09-07 19:44:54 : 1 steps taken, and 0 accepted.
[1 : mcmc] Progress @ 2026-09-07 19:44:54 : 1 steps taken, and 0 accepted.
[2 : mcmc] Progress @ 2026-09-07 19:44:56 : 1 steps taken, and 0 accepted.
[3 : mcmc] Progress @ 2026-09-07 19:46:04 : 4 steps taken, and 0 accepted.
[1 : mcmc] Progress @ 2026-09-07 19:46:07 : 4 steps taken, and 0 accepted.
[0 : mcmc] Progress @ 2026-09-07 19:46:07 : 4 steps taken, and 0 accepted.
[2 : mcmc] Progress @ 2026-09-07 19:46:10 : 4 steps taken, and 2 accepted.
[1 : mcmc] Progress @ 2026-09-07 19:47:16 : 7 steps taken, and 1 accepted.
[3 : mcmc] Progress @ 2026-09-07 19:47:16 : 7 steps taken, and 1 accepted.
[0 : mcmc] Progress @ 2026-09-07 19:47:18 : 7 steps taken, and 3 accepted.
[2 : mcmc] Progress @ 2026-09-07 19:47:22 : 7 steps taken, and 3 accepted.
[3 : mcmc] Progress @ 2026-09-07 19:48:28 : 10 steps taken, and 2 accepted.
[1 : mcmc] Progress @ 2026-09-07 19:48:31 : 10 steps taken, and 3 accepted.
[0 : mcmc] Progress @ 2026-09-07 19:48:32 : 10 steps taken, and 3 accepted.
[2 : mcmc] Progress @ 2026-09-07 19:48:36 : 10 steps taken, and 3 accepted.
[3 : mcmc] Progress @ 2026-09-07 19:49:44 : 13 steps taken, and 3 accepted.
[0 : mcmc] Progress @ 2026-09-07 19:49:47 : 13 steps taken, and 5 accepted.
[1 : mcmc] Progress @ 2026-09-07 19:49:50 : 13 steps taken, and 3 accepted.
[2 : mcmc] Progress @ 2026-09-07 19:49:54 : 13 steps taken, and 4 accepted.
[3 : mcmc] Progress @ 2026-09-07 19:51:00 : 16 steps taken, and 4 accepted.
[0 : mcmc] Progress @ 2026-09-07 19:51:01 : 16 steps taken, and 6 accepted.
[1 : mcmc] Progress @ 2026-09-07 19:51:06 : 16 steps taken, and 4 accepted.
[2 : mcmc] Progress @ 2026-09-07 19:51:07 : 16 steps taken, and 5 accepted.
[0 : mcmc] Progress @ 2026-09-07 19:52:13 : 19 steps taken, and 8 accepted.
[3 : mcmc] Progress @ 2026-09-07 19:52:13 : 19 steps taken, and 4 accepted.
[1 : mcmc] Progress @ 2026-09-07 19:52:16 : 19 steps taken, and 5 accepted.
[2 : mcmc] Progress @ 2026-09-07 19:52:18 : 19 steps taken, and 8 accepted.
[3 : mcmc] Progress @ 2026-09-07 19:53:25 : 22 steps taken, and 5 accepted.
[0 : mcmc] Progress @ 2026-09-07 19:53:27 : 22 steps taken, and 9 accepted.
[1 : mcmc] Progress @ 2026-09-07 19:53:27 : 22 steps taken, and 6 accepted.
[2 : mcmc] Progress @ 2026-09-07 19:53:30 : 22 steps taken, and 9 accepted.
[3 : mcmc] Progress @ 2026-09-07 19:54:42 : 25 steps taken, and 5 accepted.
[0 : mcmc] Progress @ 2026-09-07 19:54:42 : 25 steps taken, and 9 accepted.
[1 : mcmc] Progress @ 2026-09-07 19:54:43 : 25 steps taken, and 7 accepted.
[2 : mcmc] Progress @ 2026-09-07 19:54:43 : 25 steps taken, and 10 accepted.
[2 : mcmc] Progress @ 2026-09-07 19:55:59 : 28 steps taken, and 11 accepted.
[1 : mcmc] Progress @ 2026-09-07 19:55:59 : 28 steps taken, and 7 accepted.
[3 : mcmc] Progress @ 2026-09-07 19:56:00 : 28 steps taken, and 6 accepted.
[0 : mcmc] Progress @ 2026-09-07 19:56:00 : 28 steps taken, and 9 accepted.
[2 : mcmc] Progress @ 2026-09-07 19:57:17 : 31 steps taken, and 12 accepted.
[1 : mcmc] Progress @ 2026-09-07 19:57:18 : 31 steps taken, and 9 accepted.
[0 : mcmc] Progress @ 2026-09-07 19:57:19 : 31 steps taken, and 9 accepted.
[3 : mcmc] Progress @ 2026-09-07 19:57:20 : 31 steps taken, and 7 accepted.
[2 : mcmc] Progress @ 2026-09-07 19:58:29 : 34 steps taken, and 13 accepted.
[0 : mcmc] Progress @ 2026-09-07 19:58:30 : 34 steps taken, and 11 accepted.
[1 : mcmc] Progress @ 2026-09-07 19:58:32 : 34 steps taken, and 10 accepted.
[3 : mcmc] Progress @ 2026-09-07 19:58:33 : 34 steps taken, and 8 accepted.
[2 : mcmc] Progress @ 2026-09-07 19:59:38 : 37 steps taken, and 14 accepted.
[0 : mcmc] Progress @ 2026-09-07 19:59:39 : 37 steps taken, and 12 accepted.
[1 : mcmc] Progress @ 2026-09-07 19:59:40 : 37 steps taken, and 11 accepted.
[3 : mcmc] Progress @ 2026-09-07 19:59:42 : 37 steps taken, and 11 accepted.
[2 : mcmc] Progress @ 2026-09-07 20:00:45 : 40 steps taken, and 15 accepted.
[0 : mcmc] Progress @ 2026-09-07 20:00:49 : 40 steps taken, and 13 accepted.
[1 : mcmc] Progress @ 2026-09-07 20:00:49 : 40 steps taken, and 11 accepted.
[3 : mcmc] Progress @ 2026-09-07 20:00:50 : 40 steps taken, and 12 accepted.
[2 : mcmc] Progress @ 2026-09-07 20:01:53 : 43 steps taken, and 15 accepted.
[1 : mcmc] Progress @ 2026-09-07 20:01:58 : 43 steps taken, and 12 accepted.
[0 : mcmc] Progress @ 2026-09-07 20:01:58 : 43 steps taken, and 13 accepted.
[3 : mcmc] Progress @ 2026-09-07 20:01:58 : 43 steps taken, and 12 accepted.
[2 : mcmc] Progress @ 2026-09-07 20:03:05 : 46 steps taken, and 15 accepted.
[1 : mcmc] Progress @ 2026-09-07 20:03:09 : 46 steps taken, and 13 accepted.
[3 : mcmc] Progress @ 2026-09-07 20:03:10 : 46 steps taken, and 12 accepted.
[0 : mcmc] Progress @ 2026-09-07 20:03:11 : 46 steps taken, and 14 accepted.
[2 : mcmc] Progress @ 2026-09-07 20:04:19 : 49 steps taken, and 15 accepted.
[1 : mcmc] Progress @ 2026-09-07 20:04:28 : 49 steps taken, and 13 accepted.
[3 : mcmc] Progress @ 2026-09-07 20:04:29 : 49 steps taken, and 12 accepted.
[0 : mcmc] Progress @ 2026-09-07 20:04:30 : 49 steps taken, and 14 accepted.
[2 : mcmc] Progress @ 2026-09-07 20:05:27 : 52 steps taken, and 15 accepted.
[1 : mcmc] Progress @ 2026-09-07 20:05:37 : 52 steps taken, and 14 accepted.
[0 : mcmc] Progress @ 2026-09-07 20:05:37 : 52 steps taken, and 15 accepted.
[3 : mcmc] Progress @ 2026-09-07 20:05:38 : 52 steps taken, and 12 accepted.
[2 : mcmc] Progress @ 2026-09-07 20:06:38 : 55 steps taken, and 15 accepted.
[1 : mcmc] Progress @ 2026-09-07 20:06:47 : 55 steps taken, and 14 accepted.
[0 : mcmc] Progress @ 2026-09-07 20:06:50 : 55 steps taken, and 15 accepted.
[3 : mcmc] Progress @ 2026-09-07 20:06:51 : 55 steps taken, and 12 accepted.
[2 : mcmc] Progress @ 2026-09-07 20:07:53 : 58 steps taken, and 15 accepted.
[1 : mcmc] Progress @ 2026-09-07 20:07:58 : 58 steps taken, and 14 accepted.
[0 : mcmc] Progress @ 2026-09-07 20:08:07 : 58 steps taken, and 16 accepted.
[3 : mcmc] Progress @ 2026-09-07 20:08:09 : 58 steps taken, and 13 accepted.
[2 : mcmc] Progress @ 2026-09-07 20:09:07 : 61 steps taken, and 15 accepted.
[1 : mcmc] Progress @ 2026-09-07 20:09:13 : 61 steps taken, and 15 accepted.
[3 : mcmc] Progress @ 2026-09-07 20:09:19 : 61 steps taken, and 14 accepted.
[0 : mcmc] Progress @ 2026-09-07 20:09:19 : 61 steps taken, and 16 accepted.
[2 : mcmc] Progress @ 2026-09-07 20:10:16 : 64 steps taken, and 15 accepted.
[1 : mcmc] Progress @ 2026-09-07 20:10:21 : 64 steps taken, and 16 accepted.
[0 : mcmc] Progress @ 2026-09-07 20:10:25 : 64 steps taken, and 17 accepted.
[3 : mcmc] Progress @ 2026-09-07 20:10:27 : 64 steps taken, and 14 accepted.
[2 : mcmc] Progress @ 2026-09-07 20:11:23 : 67 steps taken, and 15 accepted.
[1 : mcmc] Progress @ 2026-09-07 20:11:30 : 67 steps taken, and 18 accepted.
[0 : mcmc] Progress @ 2026-09-07 20:11:34 : 67 steps taken, and 18 accepted.
[3 : mcmc] Progress @ 2026-09-07 20:11:36 : 67 steps taken, and 15 accepted.
[2 : mcmc] Progress @ 2026-09-07 20:12:31 : 70 steps taken, and 15 accepted.
[1 : mcmc] Progress @ 2026-09-07 20:12:39 : 70 steps taken, and 18 accepted.
[0 : mcmc] Progress @ 2026-09-07 20:12:45 : 70 steps taken, and 20 accepted.
[3 : mcmc] Progress @ 2026-09-07 20:12:46 : 70 steps taken, and 15 accepted.
[2 : mcmc] Progress @ 2026-09-07 20:13:39 : 73 steps taken, and 16 accepted.
[1 : mcmc] Progress @ 2026-09-07 20:13:48 : 73 steps taken, and 19 accepted.
[0 : mcmc] Progress @ 2026-09-07 20:13:53 : 73 steps taken, and 20 accepted.
[3 : mcmc] Progress @ 2026-09-07 20:13:54 : 73 steps taken, and 16 accepted.
[2 : mcmc] Progress @ 2026-09-07 20:14:45 : 76 steps taken, and 17 accepted.
[1 : mcmc] Progress @ 2026-09-07 20:14:56 : 76 steps taken, and 19 accepted.
[0 : mcmc] Progress @ 2026-09-07 20:15:01 : 76 steps taken, and 20 accepted.
[3 : mcmc] Progress @ 2026-09-07 20:15:02 : 76 steps taken, and 16 accepted.
[2 : mcmc] Progress @ 2026-09-07 20:15:51 : 79 steps taken, and 17 accepted.
[1 : mcmc] Progress @ 2026-09-07 20:16:04 : 79 steps taken, and 19 accepted.
[0 : mcmc] Progress @ 2026-09-07 20:16:11 : 79 steps taken, and 21 accepted.
[3 : mcmc] Progress @ 2026-09-07 20:16:11 : 79 steps taken, and 16 accepted.
[2 : mcmc] Progress @ 2026-09-07 20:17:00 : 82 steps taken, and 17 accepted.
[1 : mcmc] Progress @ 2026-09-07 20:17:11 : 82 steps taken, and 20 accepted.
[0 : mcmc] Progress @ 2026-09-07 20:17:19 : 82 steps taken, and 21 accepted.
[3 : mcmc] Progress @ 2026-09-07 20:17:20 : 82 steps taken, and 16 accepted.
[2 : mcmc] Progress @ 2026-09-07 20:18:08 : 85 steps taken, and 18 accepted.
[1 : mcmc] Progress @ 2026-09-07 20:18:17 : 85 steps taken, and 21 accepted.
[0 : mcmc] Progress @ 2026-09-07 20:18:28 : 85 steps taken, and 21 accepted.
[3 : mcmc] Progress @ 2026-09-07 20:18:28 : 85 steps taken, and 16 accepted.
[2 : mcmc] Progress @ 2026-09-07 20:19:18 : 88 steps taken, and 20 accepted.
[1 : mcmc] Progress @ 2026-09-07 20:19:27 : 88 steps taken, and 22 accepted.
[0 : mcmc] Progress @ 2026-09-07 20:19:36 : 88 steps taken, and 21 accepted.
[3 : mcmc] Progress @ 2026-09-07 20:19:39 : 88 steps taken, and 18 accepted.
[0 : output] Output to be read-from/written-into folder '/mnt/datos/SSEE_data/chains_p6/kids', with prefix 'lcdmfijo'
[0 : output] Found existing info files with the requested output prefix: '/mnt/datos/SSEE_data/chains_p6/kids/lcdmfijo'
[0 : output] Will delete previous products ('force' was requested).
[2 : p06_growth.cobaya_kids.loglike_lcdm_fijo] Initialized external likelihood.
[0 : p06_growth.cobaya_kids.loglike_lcdm_fijo] Initialized external likelihood.
[3 : p06_growth.cobaya_kids.loglike_lcdm_fijo] Initialized external likelihood.
[1 : p06_growth.cobaya_kids.loglike_lcdm_fijo] Initialized external likelihood.
[3 : mcmc] Getting initial point... (this may take a few seconds)
[2 : mcmc] Getting initial point... (this may take a few seconds)
[0 : mcmc] Getting initial point... (this may take a few seconds)
[1 : mcmc] Getting initial point... (this may take a few seconds)
[2 : mcmc] Initial point: logA:3.04, halo_A:2.6, A_IA:1, dz1:0, dz2:-0.002, dz3:-0.013, dz4:-0.011, dz5:0.006, delta_c:0
[3 : mcmc] Initial point: logA:3.04, halo_A:2.6, A_IA:1, dz1:0, dz2:-0.002, dz3:-0.013, dz4:-0.011, dz5:0.006, delta_c:0
[0 : mcmc] Initial point: logA:3.04, halo_A:2.6, A_IA:1, dz1:0, dz2:-0.002, dz3:-0.013, dz4:-0.011, dz5:0.006, delta_c:0
[1 : mcmc] Initial point: logA:3.04, halo_A:2.6, A_IA:1, dz1:0, dz2:-0.002, dz3:-0.013, dz4:-0.011, dz5:0.006, delta_c:0
[0 : model] Measuring speeds... (this may take a few seconds)
[0 : model] Setting measured speeds (per sec): {p06_growth.cobaya_kids.loglike_lcdm_fijo: 0.0746}
[0 : mcmc] Covariance matrix not present. We will start learning the covariance of the proposal earlier: R-1 = 30 (would be 2 if all params loaded).
[0 : mcmc] Sampling!
[2 : mcmc] Progress @ 2026-09-07 20:46:43 : 1 steps taken, and 0 accepted.
[3 : mcmc] Progress @ 2026-09-07 20:46:43 : 1 steps taken, and 0 accepted.
[1 : mcmc] Progress @ 2026-09-07 20:46:43 : 1 steps taken, and 0 accepted.
[0 : mcmc] Progress @ 2026-09-07 20:46:44 : 1 steps taken, and 0 accepted.
[2 : mcmc] Progress @ 2026-09-07 20:47:49 : 6 steps taken, and 1 accepted.
[3 : mcmc] Progress @ 2026-09-07 20:47:50 : 6 steps taken, and 1 accepted.
[1 : mcmc] Progress @ 2026-09-07 20:47:50 : 6 steps taken, and 0 accepted.
[0 : mcmc] Progress @ 2026-09-07 20:47:50 : 6 steps taken, and 3 accepted.
[2 : mcmc] Progress @ 2026-09-07 20:48:56 : 11 steps taken, and 4 accepted.
[3 : mcmc] Progress @ 2026-09-07 20:48:56 : 11 steps taken, and 5 accepted.
[1 : mcmc] Progress @ 2026-09-07 20:48:57 : 11 steps taken, and 1 accepted.
[0 : mcmc] Progress @ 2026-09-07 20:48:57 : 11 steps taken, and 4 accepted.
[2 : mcmc] Progress @ 2026-09-07 20:50:02 : 16 steps taken, and 5 accepted.
[3 : mcmc] Progress @ 2026-09-07 20:50:03 : 16 steps taken, and 8 accepted.
[0 : mcmc] Progress @ 2026-09-07 20:50:04 : 16 steps taken, and 4 accepted.
[1 : mcmc] Progress @ 2026-09-07 20:50:04 : 16 steps taken, and 1 accepted.
[2 : mcmc] Progress @ 2026-09-07 20:51:09 : 21 steps taken, and 7 accepted.
[3 : mcmc] Progress @ 2026-09-07 20:51:09 : 21 steps taken, and 8 accepted.
[0 : mcmc] Progress @ 2026-09-07 20:51:11 : 21 steps taken, and 6 accepted.
[1 : mcmc] Progress @ 2026-09-07 20:51:12 : 21 steps taken, and 1 accepted.
[2 : mcmc] Progress @ 2026-09-07 20:52:15 : 26 steps taken, and 7 accepted.
[3 : mcmc] Progress @ 2026-09-07 20:52:15 : 26 steps taken, and 10 accepted.
[0 : mcmc] Progress @ 2026-09-07 20:52:17 : 26 steps taken, and 7 accepted.
[1 : mcmc] Progress @ 2026-09-07 20:52:18 : 26 steps taken, and 1 accepted.
[2 : mcmc] Progress @ 2026-09-07 20:53:20 : 31 steps taken, and 9 accepted.
[3 : mcmc] Progress @ 2026-09-07 20:53:20 : 31 steps taken, and 13 accepted.
[0 : mcmc] Progress @ 2026-09-07 20:53:23 : 31 steps taken, and 8 accepted.
[1 : mcmc] Progress @ 2026-09-07 20:53:24 : 31 steps taken, and 1 accepted.
[2 : mcmc] Progress @ 2026-09-07 20:54:26 : 36 steps taken, and 10 accepted.
[3 : mcmc] Progress @ 2026-09-07 20:54:26 : 36 steps taken, and 15 accepted.
[0 : mcmc] Progress @ 2026-09-07 20:54:29 : 36 steps taken, and 8 accepted.
[1 : mcmc] Progress @ 2026-09-07 20:54:30 : 36 steps taken, and 2 accepted.
[3 : mcmc] Progress @ 2026-09-07 20:55:31 : 41 steps taken, and 17 accepted.
[2 : mcmc] Progress @ 2026-09-07 20:55:31 : 41 steps taken, and 11 accepted.
[0 : mcmc] Progress @ 2026-09-07 20:55:35 : 41 steps taken, and 10 accepted.
[1 : mcmc] Progress @ 2026-09-07 20:55:36 : 41 steps taken, and 4 accepted.
[3 : mcmc] Progress @ 2026-09-07 20:56:37 : 46 steps taken, and 17 accepted.
[2 : mcmc] Progress @ 2026-09-07 20:56:37 : 46 steps taken, and 14 accepted.
[0 : mcmc] Progress @ 2026-09-07 20:56:41 : 46 steps taken, and 10 accepted.
[1 : mcmc] Progress @ 2026-09-07 20:56:42 : 46 steps taken, and 4 accepted.
[3 : mcmc] Progress @ 2026-09-07 20:57:42 : 51 steps taken, and 19 accepted.
[2 : mcmc] Progress @ 2026-09-07 20:57:42 : 51 steps taken, and 16 accepted.
[0 : mcmc] Progress @ 2026-09-07 20:57:47 : 51 steps taken, and 11 accepted.
[1 : mcmc] Progress @ 2026-09-07 20:57:48 : 51 steps taken, and 5 accepted.
[3 : mcmc] Progress @ 2026-09-07 20:58:48 : 56 steps taken, and 20 accepted.
[2 : mcmc] Progress @ 2026-09-07 20:58:48 : 56 steps taken, and 17 accepted.
[0 : mcmc] Progress @ 2026-09-07 20:58:53 : 56 steps taken, and 13 accepted.
[1 : mcmc] Progress @ 2026-09-07 20:58:53 : 56 steps taken, and 8 accepted.
[3 : mcmc] Progress @ 2026-09-07 20:59:53 : 61 steps taken, and 21 accepted.
[2 : mcmc] Progress @ 2026-09-07 20:59:53 : 61 steps taken, and 19 accepted.
[0 : mcmc] Progress @ 2026-09-07 20:59:59 : 61 steps taken, and 15 accepted.
[1 : mcmc] Progress @ 2026-09-07 20:59:59 : 61 steps taken, and 8 accepted.
[3 : mcmc] Progress @ 2026-09-07 21:00:58 : 66 steps taken, and 22 accepted.
[2 : mcmc] Progress @ 2026-09-07 21:00:59 : 66 steps taken, and 23 accepted.
[0 : mcmc] Progress @ 2026-09-07 21:01:05 : 66 steps taken, and 16 accepted.
[1 : mcmc] Progress @ 2026-09-07 21:01:05 : 66 steps taken, and 9 accepted.
[3 : mcmc] Progress @ 2026-09-07 21:02:04 : 71 steps taken, and 23 accepted.
[2 : mcmc] Progress @ 2026-09-07 21:02:04 : 71 steps taken, and 24 accepted.
[1 : mcmc] Progress @ 2026-09-07 21:02:10 : 71 steps taken, and 9 accepted.
[0 : mcmc] Progress @ 2026-09-07 21:02:11 : 71 steps taken, and 18 accepted.
[3 : mcmc] Progress @ 2026-09-07 21:03:09 : 76 steps taken, and 24 accepted.
[2 : mcmc] Progress @ 2026-09-07 21:03:10 : 76 steps taken, and 25 accepted.
[1 : mcmc] Progress @ 2026-09-07 21:03:16 : 76 steps taken, and 12 accepted.
[0 : mcmc] Progress @ 2026-09-07 21:03:17 : 76 steps taken, and 18 accepted.
[3 : mcmc] Progress @ 2026-09-07 21:04:15 : 81 steps taken, and 25 accepted.
[2 : mcmc] Progress @ 2026-09-07 21:04:16 : 81 steps taken, and 28 accepted.
[1 : mcmc] Progress @ 2026-09-07 21:04:22 : 81 steps taken, and 13 accepted.
[0 : mcmc] Progress @ 2026-09-07 21:04:23 : 81 steps taken, and 18 accepted.
[3 : mcmc] Progress @ 2026-09-07 21:05:20 : 86 steps taken, and 27 accepted.
[2 : mcmc] Progress @ 2026-09-07 21:05:21 : 86 steps taken, and 31 accepted.
[1 : mcmc] Progress @ 2026-09-07 21:05:28 : 86 steps taken, and 17 accepted.
[0 : mcmc] Progress @ 2026-09-07 21:05:28 : 86 steps taken, and 19 accepted.
[3 : mcmc] Progress @ 2026-09-07 21:06:25 : 91 steps taken, and 28 accepted.
[2 : mcmc] Progress @ 2026-09-07 21:06:27 : 91 steps taken, and 35 accepted.
[1 : mcmc] Progress @ 2026-09-07 21:06:33 : 91 steps taken, and 19 accepted.
[0 : mcmc] Progress @ 2026-09-07 21:06:34 : 91 steps taken, and 22 accepted.
[3 : mcmc] Progress @ 2026-09-07 21:07:31 : 96 steps taken, and 31 accepted.
[2 : mcmc] Progress @ 2026-09-07 21:07:32 : 96 steps taken, and 37 accepted.
[1 : mcmc] Progress @ 2026-09-07 21:07:39 : 96 steps taken, and 19 accepted.
[0 : mcmc] Progress @ 2026-09-07 21:07:40 : 96 steps taken, and 24 accepted.
[3 : mcmc] Progress @ 2026-09-07 21:08:36 : 101 steps taken, and 34 accepted.
[2 : mcmc] Progress @ 2026-09-07 21:08:38 : 101 steps taken, and 39 accepted.
[1 : mcmc] Progress @ 2026-09-07 21:08:45 : 101 steps taken, and 20 accepted.
[0 : mcmc] Progress @ 2026-09-07 21:08:46 : 101 steps taken, and 27 accepted.
[3 : mcmc] Progress @ 2026-09-07 21:09:41 : 106 steps taken, and 35 accepted.
[2 : mcmc] Progress @ 2026-09-07 21:09:44 : 106 steps taken, and 40 accepted.
[1 : mcmc] Progress @ 2026-09-07 21:09:51 : 106 steps taken, and 23 accepted.
[0 : mcmc] Progress @ 2026-09-07 21:09:52 : 106 steps taken, and 30 accepted.
[3 : mcmc] Progress @ 2026-09-07 21:10:47 : 111 steps taken, and 37 accepted.
[2 : mcmc] Progress @ 2026-09-07 21:10:49 : 111 steps taken, and 41 accepted.
[1 : mcmc] Progress @ 2026-09-07 21:10:57 : 111 steps taken, and 25 accepted.
[0 : mcmc] Progress @ 2026-09-07 21:10:58 : 111 steps taken, and 33 accepted.
[3 : mcmc] Progress @ 2026-09-07 21:11:52 : 116 steps taken, and 38 accepted.
[2 : mcmc] Progress @ 2026-09-07 21:11:55 : 116 steps taken, and 41 accepted.
[1 : mcmc] Progress @ 2026-09-07 21:12:03 : 116 steps taken, and 28 accepted.
[0 : mcmc] Progress @ 2026-09-07 21:12:03 : 116 steps taken, and 34 accepted.
[3 : mcmc] Progress @ 2026-09-07 21:12:57 : 121 steps taken, and 39 accepted.
[2 : mcmc] Progress @ 2026-09-07 21:13:01 : 121 steps taken, and 43 accepted.
[1 : mcmc] Progress @ 2026-09-07 21:13:08 : 121 steps taken, and 30 accepted.
[0 : mcmc] Progress @ 2026-09-07 21:13:09 : 121 steps taken, and 36 accepted.
[3 : mcmc] Progress @ 2026-09-07 21:14:03 : 126 steps taken, and 41 accepted.
[2 : mcmc] Progress @ 2026-09-07 21:14:06 : 126 steps taken, and 44 accepted.
[1 : mcmc] Progress @ 2026-09-07 21:14:14 : 126 steps taken, and 31 accepted.
[0 : mcmc] Progress @ 2026-09-07 21:14:15 : 126 steps taken, and 36 accepted.
[3 : mcmc] Progress @ 2026-09-07 21:15:08 : 131 steps taken, and 44 accepted.
[2 : mcmc] Progress @ 2026-09-07 21:15:12 : 131 steps taken, and 46 accepted.
[1 : mcmc] Progress @ 2026-09-07 21:15:20 : 131 steps taken, and 34 accepted.
[0 : mcmc] Progress @ 2026-09-07 21:15:21 : 131 steps taken, and 37 accepted.
[3 : mcmc] Progress @ 2026-09-07 21:16:13 : 136 steps taken, and 44 accepted.
[2 : mcmc] Progress @ 2026-09-07 21:16:18 : 136 steps taken, and 48 accepted.
[0 : mcmc] Progress @ 2026-09-07 21:16:26 : 136 steps taken, and 38 accepted.
[1 : mcmc] Progress @ 2026-09-07 21:16:26 : 136 steps taken, and 35 accepted.
[3 : mcmc] Progress @ 2026-09-07 21:17:19 : 141 steps taken, and 45 accepted.
[2 : mcmc] Progress @ 2026-09-07 21:17:24 : 141 steps taken, and 49 accepted.
[0 : mcmc] Progress @ 2026-09-07 21:17:32 : 141 steps taken, and 39 accepted.
[1 : mcmc] Progress @ 2026-09-07 21:17:32 : 141 steps taken, and 35 accepted.
[3 : mcmc] Progress @ 2026-09-07 21:18:24 : 146 steps taken, and 46 accepted.
[2 : mcmc] Progress @ 2026-09-07 21:18:29 : 146 steps taken, and 50 accepted.
[0 : mcmc] Progress @ 2026-09-07 21:18:38 : 146 steps taken, and 41 accepted.
[1 : mcmc] Progress @ 2026-09-07 21:18:38 : 146 steps taken, and 39 accepted.
[3 : mcmc] Progress @ 2026-09-07 21:19:30 : 151 steps taken, and 46 accepted.
[2 : mcmc] Progress @ 2026-09-07 21:19:35 : 151 steps taken, and 52 accepted.
[0 : mcmc] Progress @ 2026-09-07 21:19:44 : 151 steps taken, and 44 accepted.
[1 : mcmc] Progress @ 2026-09-07 21:19:44 : 151 steps taken, and 40 accepted.
[3 : mcmc] Progress @ 2026-09-07 21:20:35 : 156 steps taken, and 47 accepted.
[2 : mcmc] Progress @ 2026-09-07 21:20:41 : 156 steps taken, and 52 accepted.
[0 : mcmc] Progress @ 2026-09-07 21:20:49 : 156 steps taken, and 48 accepted.
[1 : mcmc] Progress @ 2026-09-07 21:20:50 : 156 steps taken, and 42 accepted.
[3 : mcmc] Progress @ 2026-09-07 21:21:40 : 161 steps taken, and 48 accepted.
[2 : mcmc] Progress @ 2026-09-07 21:21:46 : 161 steps taken, and 53 accepted.
[0 : mcmc] Progress @ 2026-09-07 21:21:55 : 161 steps taken, and 49 accepted.
[1 : mcmc] Progress @ 2026-09-07 21:21:56 : 161 steps taken, and 43 accepted.
[3 : mcmc] Progress @ 2026-09-07 21:22:46 : 166 steps taken, and 49 accepted.
[2 : mcmc] Progress @ 2026-09-07 21:22:52 : 166 steps taken, and 56 accepted.
[0 : mcmc] Progress @ 2026-09-07 21:23:01 : 166 steps taken, and 50 accepted.
[1 : mcmc] Progress @ 2026-09-07 21:23:01 : 166 steps taken, and 44 accepted.
[3 : mcmc] Progress @ 2026-09-07 21:23:51 : 171 steps taken, and 51 accepted.
[2 : mcmc] Progress @ 2026-09-07 21:23:58 : 171 steps taken, and 58 accepted.
[0 : mcmc] Progress @ 2026-09-07 21:24:07 : 171 steps taken, and 52 accepted.
[1 : mcmc] Progress @ 2026-09-07 21:24:08 : 171 steps taken, and 46 accepted.
[3 : mcmc] Progress @ 2026-09-07 21:24:57 : 176 steps taken, and 51 accepted.
[2 : mcmc] Progress @ 2026-09-07 21:25:03 : 176 steps taken, and 60 accepted.
[0 : mcmc] Progress @ 2026-09-07 21:25:13 : 176 steps taken, and 53 accepted.
[1 : mcmc] Progress @ 2026-09-07 21:25:14 : 176 steps taken, and 48 accepted.
[3 : mcmc] Progress @ 2026-09-07 21:26:02 : 181 steps taken, and 54 accepted.
[2 : mcmc] Progress @ 2026-09-07 21:26:09 : 181 steps taken, and 60 accepted.
[0 : mcmc] Progress @ 2026-09-07 21:26:19 : 181 steps taken, and 55 accepted.
[1 : mcmc] Progress @ 2026-09-07 21:26:19 : 181 steps taken, and 49 accepted.
[3 : mcmc] Progress @ 2026-09-07 21:27:07 : 186 steps taken, and 56 accepted.
[2 : mcmc] Progress @ 2026-09-07 21:27:15 : 186 steps taken, and 61 accepted.
[0 : mcmc] Progress @ 2026-09-07 21:27:25 : 186 steps taken, and 55 accepted.
[1 : mcmc] Progress @ 2026-09-07 21:27:25 : 186 steps taken, and 50 accepted.
[3 : mcmc] Progress @ 2026-09-07 21:28:12 : 191 steps taken, and 57 accepted.
[2 : mcmc] Progress @ 2026-09-07 21:28:20 : 191 steps taken, and 64 accepted.
[0 : mcmc] Progress @ 2026-09-07 21:28:31 : 191 steps taken, and 56 accepted.
[1 : mcmc] Progress @ 2026-09-07 21:28:31 : 191 steps taken, and 52 accepted.
[3 : mcmc] Progress @ 2026-09-07 21:29:18 : 196 steps taken, and 58 accepted.
[2 : mcmc] Progress @ 2026-09-07 21:29:26 : 196 steps taken, and 66 accepted.
[0 : mcmc] Progress @ 2026-09-07 21:29:37 : 196 steps taken, and 57 accepted.
[1 : mcmc] Progress @ 2026-09-07 21:29:38 : 196 steps taken, and 53 accepted.
[3 : mcmc] Progress @ 2026-09-07 21:30:24 : 201 steps taken, and 58 accepted.
[2 : mcmc] Progress @ 2026-09-07 21:30:32 : 201 steps taken, and 68 accepted.
[0 : mcmc] Progress @ 2026-09-07 21:30:52 : 201 steps taken, and 58 accepted.
[1 : mcmc] Progress @ 2026-09-07 21:30:52 : 201 steps taken, and 55 accepted.
[3 : mcmc] Progress @ 2026-09-07 21:31:31 : 204 steps taken, and 58 accepted.
[2 : mcmc] Progress @ 2026-09-07 21:31:47 : 204 steps taken, and 68 accepted.
[1 : mcmc] Progress @ 2026-09-07 21:32:12 : 204 steps taken, and 57 accepted.
[0 : mcmc] Progress @ 2026-09-07 21:32:12 : 204 steps taken, and 60 accepted.
[3 : mcmc] Progress @ 2026-09-07 21:32:50 : 207 steps taken, and 60 accepted.
[2 : mcmc] Progress @ 2026-09-07 21:33:05 : 207 steps taken, and 69 accepted.
[1 : mcmc] Progress @ 2026-09-07 21:33:27 : 207 steps taken, and 57 accepted.
[0 : mcmc] Progress @ 2026-09-07 21:33:28 : 207 steps taken, and 60 accepted.
[3 : mcmc] Progress @ 2026-09-07 21:34:12 : 210 steps taken, and 61 accepted.
[2 : mcmc] Progress @ 2026-09-07 21:34:24 : 210 steps taken, and 70 accepted.
[0 : mcmc] Progress @ 2026-09-07 21:34:47 : 210 steps taken, and 61 accepted.
[1 : mcmc] Progress @ 2026-09-07 21:34:47 : 210 steps taken, and 57 accepted.
[3 : mcmc] Progress @ 2026-09-07 21:35:32 : 213 steps taken, and 61 accepted.
[2 : mcmc] Progress @ 2026-09-07 21:35:42 : 213 steps taken, and 70 accepted.
[0 : mcmc] Progress @ 2026-09-07 21:36:06 : 213 steps taken, and 62 accepted.
[1 : mcmc] Progress @ 2026-09-07 21:36:06 : 213 steps taken, and 58 accepted.
[3 : mcmc] Progress @ 2026-09-07 21:36:48 : 216 steps taken, and 61 accepted.
[2 : mcmc] Progress @ 2026-09-07 21:36:59 : 216 steps taken, and 72 accepted.
[1 : mcmc] Progress @ 2026-09-07 21:37:22 : 216 steps taken, and 58 accepted.
[0 : mcmc] Progress @ 2026-09-07 21:37:25 : 216 steps taken, and 63 accepted.
[3 : mcmc] Progress @ 2026-09-07 21:38:04 : 219 steps taken, and 61 accepted.
[2 : mcmc] Progress @ 2026-09-07 21:38:20 : 219 steps taken, and 73 accepted.
[1 : mcmc] Progress @ 2026-09-07 21:38:40 : 219 steps taken, and 58 accepted.
[0 : mcmc] Progress @ 2026-09-07 21:38:43 : 219 steps taken, and 63 accepted.
[3 : mcmc] Progress @ 2026-09-07 21:39:25 : 222 steps taken, and 62 accepted.
[2 : mcmc] Progress @ 2026-09-07 21:39:39 : 222 steps taken, and 74 accepted.
[1 : mcmc] Progress @ 2026-09-07 21:40:02 : 222 steps taken, and 59 accepted.
[0 : mcmc] Progress @ 2026-09-07 21:40:02 : 222 steps taken, and 64 accepted.
[3 : mcmc] Progress @ 2026-09-07 21:40:44 : 225 steps taken, and 63 accepted.
[2 : mcmc] Progress @ 2026-09-07 21:40:58 : 225 steps taken, and 74 accepted.
[1 : mcmc] Progress @ 2026-09-07 21:41:19 : 225 steps taken, and 61 accepted.
[0 : mcmc] Progress @ 2026-09-07 21:41:23 : 225 steps taken, and 65 accepted.
[3 : mcmc] Progress @ 2026-09-07 21:42:03 : 228 steps taken, and 64 accepted.
[2 : mcmc] Progress @ 2026-09-07 21:42:17 : 228 steps taken, and 74 accepted.
[1 : mcmc] Progress @ 2026-09-07 21:42:40 : 228 steps taken, and 61 accepted.
[0 : mcmc] Progress @ 2026-09-07 21:42:44 : 228 steps taken, and 65 accepted.
[3 : mcmc] Progress @ 2026-09-07 21:43:20 : 231 steps taken, and 65 accepted.
[2 : mcmc] Progress @ 2026-09-07 21:43:36 : 231 steps taken, and 74 accepted.
[1 : mcmc] Progress @ 2026-09-07 21:44:02 : 231 steps taken, and 62 accepted.
[0 : mcmc] Progress @ 2026-09-07 21:44:03 : 231 steps taken, and 65 accepted.
[3 : mcmc] Progress @ 2026-09-07 21:44:35 : 234 steps taken, and 67 accepted.
[2 : mcmc] Progress @ 2026-09-07 21:44:58 : 234 steps taken, and 76 accepted.
[0 : mcmc] Progress @ 2026-09-07 21:45:19 : 234 steps taken, and 66 accepted.
[1 : mcmc] Progress @ 2026-09-07 21:45:20 : 234 steps taken, and 62 accepted.
[3 : mcmc] Progress @ 2026-09-07 21:45:56 : 237 steps taken, and 68 accepted.
[2 : mcmc] Progress @ 2026-09-07 21:46:16 : 237 steps taken, and 77 accepted.
[0 : mcmc] Progress @ 2026-09-07 21:46:37 : 237 steps taken, and 67 accepted.
[1 : mcmc] Progress @ 2026-09-07 21:46:40 : 237 steps taken, and 63 accepted.
[3 : mcmc] Progress @ 2026-09-07 21:47:13 : 240 steps taken, and 68 accepted.
[2 : mcmc] Progress @ 2026-09-07 21:47:35 : 240 steps taken, and 78 accepted.
[0 : mcmc] Progress @ 2026-09-07 21:47:55 : 240 steps taken, and 67 accepted.
[1 : mcmc] Progress @ 2026-09-07 21:47:59 : 240 steps taken, and 63 accepted.
[3 : mcmc] Progress @ 2026-09-07 21:48:35 : 243 steps taken, and 70 accepted.
[2 : mcmc] Progress @ 2026-09-07 21:48:58 : 243 steps taken, and 79 accepted.
[0 : mcmc] Progress @ 2026-09-07 21:49:19 : 243 steps taken, and 67 accepted.
[1 : mcmc] Progress @ 2026-09-07 21:49:22 : 243 steps taken, and 63 accepted.
[3 : mcmc] Progress @ 2026-09-07 21:49:58 : 246 steps taken, and 72 accepted.
[2 : mcmc] Progress @ 2026-09-07 21:50:22 : 246 steps taken, and 80 accepted.
[0 : mcmc] Progress @ 2026-09-07 21:50:42 : 246 steps taken, and 68 accepted.
[1 : mcmc] Progress @ 2026-09-07 21:50:42 : 246 steps taken, and 65 accepted.
[3 : mcmc] Progress @ 2026-09-07 21:51:17 : 249 steps taken, and 72 accepted.
[2 : mcmc] Progress @ 2026-09-07 21:51:41 : 249 steps taken, and 81 accepted.
[0 : mcmc] Progress @ 2026-09-07 21:52:00 : 249 steps taken, and 69 accepted.
[1 : mcmc] Progress @ 2026-09-07 21:52:02 : 249 steps taken, and 67 accepted.
[3 : mcmc] Progress @ 2026-09-07 21:52:40 : 252 steps taken, and 73 accepted.
[2 : mcmc] Progress @ 2026-09-07 21:52:59 : 252 steps taken, and 82 accepted.
[1 : mcmc] Progress @ 2026-09-07 21:53:21 : 252 steps taken, and 68 accepted.
[0 : mcmc] Progress @ 2026-09-07 21:53:22 : 252 steps taken, and 70 accepted.
[3 : mcmc] Progress @ 2026-09-07 21:54:00 : 255 steps taken, and 74 accepted.
[2 : mcmc] Progress @ 2026-09-07 21:54:18 : 255 steps taken, and 84 accepted.
[1 : mcmc] Progress @ 2026-09-07 21:54:38 : 255 steps taken, and 68 accepted.
[0 : mcmc] Progress @ 2026-09-07 21:54:40 : 255 steps taken, and 70 accepted.
[3 : mcmc] Progress @ 2026-09-07 21:55:17 : 258 steps taken, and 75 accepted.
[2 : mcmc] Progress @ 2026-09-07 21:55:40 : 258 steps taken, and 84 accepted.
[1 : mcmc] Progress @ 2026-09-07 21:55:58 : 258 steps taken, and 70 accepted.
[0 : mcmc] Progress @ 2026-09-07 21:56:01 : 258 steps taken, and 71 accepted.
[3 : mcmc] Progress @ 2026-09-07 21:56:32 : 261 steps taken, and 76 accepted.
[2 : mcmc] Progress @ 2026-09-07 21:56:57 : 261 steps taken, and 84 accepted.
[1 : mcmc] Progress @ 2026-09-07 21:57:16 : 261 steps taken, and 71 accepted.
[0 : mcmc] Progress @ 2026-09-07 21:57:22 : 261 steps taken, and 72 accepted.
[3 : mcmc] Progress @ 2026-09-07 21:57:51 : 264 steps taken, and 76 accepted.
[2 : mcmc] Progress @ 2026-09-07 21:58:13 : 264 steps taken, and 85 accepted.
[1 : mcmc] Progress @ 2026-09-07 21:58:35 : 264 steps taken, and 71 accepted.
[0 : mcmc] Progress @ 2026-09-07 21:58:36 : 264 steps taken, and 72 accepted.
[3 : mcmc] Progress @ 2026-09-07 21:59:10 : 267 steps taken, and 77 accepted.
[2 : mcmc] Progress @ 2026-09-07 21:59:29 : 267 steps taken, and 85 accepted.
[1 : mcmc] Progress @ 2026-09-07 21:59:55 : 267 steps taken, and 71 accepted.
[0 : mcmc] Progress @ 2026-09-07 21:59:58 : 267 steps taken, and 72 accepted.
[3 : mcmc] Progress @ 2026-09-07 22:00:30 : 270 steps taken, and 79 accepted.
[2 : mcmc] Progress @ 2026-09-07 22:00:49 : 270 steps taken, and 85 accepted.
[1 : mcmc] Progress @ 2026-09-07 22:01:17 : 270 steps taken, and 71 accepted.
[0 : mcmc] Progress @ 2026-09-07 22:01:19 : 270 steps taken, and 72 accepted.
[3 : mcmc] Progress @ 2026-09-07 22:01:48 : 273 steps taken, and 81 accepted.
[2 : mcmc] Progress @ 2026-09-07 22:02:05 : 273 steps taken, and 88 accepted.
[1 : mcmc] Progress @ 2026-09-07 22:02:37 : 273 steps taken, and 73 accepted.
[0 : mcmc] Progress @ 2026-09-07 22:02:38 : 273 steps taken, and 72 accepted.
[3 : mcmc] Progress @ 2026-09-07 22:03:07 : 276 steps taken, and 82 accepted.
[2 : mcmc] Progress @ 2026-09-07 22:03:23 : 276 steps taken, and 90 accepted.
[1 : mcmc] Progress @ 2026-09-07 22:03:54 : 276 steps taken, and 74 accepted.
[0 : mcmc] Progress @ 2026-09-07 22:04:00 : 276 steps taken, and 73 accepted.
[3 : mcmc] Progress @ 2026-09-07 22:04:30 : 279 steps taken, and 83 accepted.
[2 : mcmc] Progress @ 2026-09-07 22:04:44 : 279 steps taken, and 90 accepted.
[1 : mcmc] Progress @ 2026-09-07 22:05:20 : 279 steps taken, and 74 accepted.
[0 : mcmc] Progress @ 2026-09-07 22:05:21 : 279 steps taken, and 73 accepted.
[3 : mcmc] Progress @ 2026-09-07 22:05:56 : 282 steps taken, and 84 accepted.
[2 : mcmc] Progress @ 2026-09-07 22:06:05 : 282 steps taken, and 91 accepted.
[0 : mcmc] Progress @ 2026-09-07 22:06:45 : 282 steps taken, and 73 accepted.
[1 : mcmc] Progress @ 2026-09-07 22:06:45 : 282 steps taken, and 74 accepted.
[3 : mcmc] Progress @ 2026-09-07 22:07:17 : 285 steps taken, and 84 accepted.
[2 : mcmc] Progress @ 2026-09-07 22:07:25 : 285 steps taken, and 91 accepted.
[1 : mcmc] Progress @ 2026-09-07 22:08:00 : 285 steps taken, and 75 accepted.
[0 : mcmc] Progress @ 2026-09-07 22:08:01 : 285 steps taken, and 75 accepted.
[3 : mcmc] Progress @ 2026-09-07 22:08:33 : 288 steps taken, and 86 accepted.
[2 : mcmc] Progress @ 2026-09-07 22:08:40 : 288 steps taken, and 92 accepted.
[1 : mcmc] Progress @ 2026-09-07 22:09:14 : 288 steps taken, and 75 accepted.
[0 : mcmc] Progress @ 2026-09-07 22:09:15 : 288 steps taken, and 75 accepted.
[3 : mcmc] Progress @ 2026-09-07 22:09:46 : 291 steps taken, and 88 accepted.
[2 : mcmc] Progress @ 2026-09-07 22:09:53 : 291 steps taken, and 93 accepted.
[0 : mcmc] Progress @ 2026-09-07 22:10:28 : 291 steps taken, and 77 accepted.
[1 : mcmc] Progress @ 2026-09-07 22:10:29 : 291 steps taken, and 77 accepted.
[3 : mcmc] Progress @ 2026-09-07 22:10:59 : 294 steps taken, and 89 accepted.
[2 : mcmc] Progress @ 2026-09-07 22:11:06 : 294 steps taken, and 93 accepted.
[0 : mcmc] Progress @ 2026-09-07 22:11:39 : 294 steps taken, and 78 accepted.
[1 : mcmc] Progress @ 2026-09-07 22:11:44 : 294 steps taken, and 78 accepted.
[3 : mcmc] Progress @ 2026-09-07 22:12:09 : 297 steps taken, and 89 accepted.
[2 : mcmc] Progress @ 2026-09-07 22:12:20 : 297 steps taken, and 94 accepted.
[0 : mcmc] Progress @ 2026-09-07 22:12:54 : 297 steps taken, and 80 accepted.
[1 : mcmc] Progress @ 2026-09-07 22:12:57 : 297 steps taken, and 80 accepted.
[3 : mcmc] Progress @ 2026-09-07 22:13:24 : 300 steps taken, and 90 accepted.
[2 : mcmc] Progress @ 2026-09-07 22:13:31 : 300 steps taken, and 95 accepted.
[0 : mcmc] Progress @ 2026-09-07 22:14:06 : 300 steps taken, and 80 accepted.
[1 : mcmc] Progress @ 2026-09-07 22:14:11 : 300 steps taken, and 83 accepted.
[3 : mcmc] Progress @ 2026-09-07 22:14:38 : 303 steps taken, and 91 accepted.
[2 : mcmc] Progress @ 2026-09-07 22:14:45 : 303 steps taken, and 97 accepted.
[0 : mcmc] Progress @ 2026-09-07 22:15:19 : 303 steps taken, and 80 accepted.
[1 : mcmc] Progress @ 2026-09-07 22:15:25 : 303 steps taken, and 85 accepted.
[3 : mcmc] Progress @ 2026-09-07 22:15:53 : 306 steps taken, and 91 accepted.
[2 : mcmc] Progress @ 2026-09-07 22:15:58 : 306 steps taken, and 99 accepted.
[0 : mcmc] Progress @ 2026-09-07 22:16:33 : 306 steps taken, and 81 accepted.
[1 : mcmc] Progress @ 2026-09-07 22:16:39 : 306 steps taken, and 87 accepted.
[3 : mcmc] Progress @ 2026-09-07 22:17:04 : 309 steps taken, and 92 accepted.
[2 : mcmc] Progress @ 2026-09-07 22:17:12 : 309 steps taken, and 100 accepted.
[0 : mcmc] Progress @ 2026-09-07 22:17:48 : 309 steps taken, and 82 accepted.
[1 : mcmc] Progress @ 2026-09-07 22:17:53 : 309 steps taken, and 87 accepted.
[3 : mcmc] Progress @ 2026-09-07 22:18:15 : 312 steps taken, and 92 accepted.
[2 : mcmc] Progress @ 2026-09-07 22:18:24 : 312 steps taken, and 102 accepted.
[0 : mcmc] Progress @ 2026-09-07 22:19:03 : 312 steps taken, and 82 accepted.
[1 : mcmc] Progress @ 2026-09-07 22:19:05 : 312 steps taken, and 88 accepted.
[3 : mcmc] Progress @ 2026-09-07 22:19:30 : 315 steps taken, and 92 accepted.
[2 : mcmc] Progress @ 2026-09-07 22:19:38 : 315 steps taken, and 102 accepted.
[1 : mcmc] Progress @ 2026-09-07 22:20:16 : 315 steps taken, and 89 accepted.
[0 : mcmc] Progress @ 2026-09-07 22:20:16 : 315 steps taken, and 83 accepted.
[3 : mcmc] Progress @ 2026-09-07 22:20:42 : 318 steps taken, and 93 accepted.
[2 : mcmc] Progress @ 2026-09-07 22:20:51 : 318 steps taken, and 103 accepted.
[1 : mcmc] Progress @ 2026-09-07 22:21:29 : 318 steps taken, and 89 accepted.
[0 : mcmc] Progress @ 2026-09-07 22:21:32 : 318 steps taken, and 84 accepted.
[3 : mcmc] Progress @ 2026-09-07 22:21:55 : 321 steps taken, and 95 accepted.
[2 : mcmc] Progress @ 2026-09-07 22:22:06 : 321 steps taken, and 104 accepted.
[1 : mcmc] Progress @ 2026-09-07 22:22:41 : 321 steps taken, and 90 accepted.
[0 : mcmc] Progress @ 2026-09-07 22:22:44 : 321 steps taken, and 84 accepted.
[3 : mcmc] Progress @ 2026-09-07 22:23:10 : 324 steps taken, and 95 accepted.
[2 : mcmc] Progress @ 2026-09-07 22:23:21 : 324 steps taken, and 104 accepted.
[1 : mcmc] Progress @ 2026-09-07 22:23:53 : 324 steps taken, and 90 accepted.
[0 : mcmc] Progress @ 2026-09-07 22:23:56 : 324 steps taken, and 85 accepted.
[3 : mcmc] Progress @ 2026-09-07 22:24:24 : 327 steps taken, and 95 accepted.
[2 : mcmc] Progress @ 2026-09-07 22:24:33 : 327 steps taken, and 105 accepted.
[0 : mcmc] Progress @ 2026-09-07 22:25:11 : 327 steps taken, and 86 accepted.
[1 : mcmc] Progress @ 2026-09-07 22:25:13 : 327 steps taken, and 91 accepted.
[3 : mcmc] Progress @ 2026-09-07 22:25:41 : 330 steps taken, and 97 accepted.
[2 : mcmc] Progress @ 2026-09-07 22:25:53 : 330 steps taken, and 107 accepted.
[1 : mcmc] Progress @ 2026-09-07 22:26:33 : 330 steps taken, and 93 accepted.
[0 : mcmc] Progress @ 2026-09-07 22:26:36 : 330 steps taken, and 87 accepted.
[3 : mcmc] Progress @ 2026-09-07 22:27:00 : 333 steps taken, and 99 accepted.
[2 : mcmc] Progress @ 2026-09-07 22:27:14 : 333 steps taken, and 107 accepted.
[1 : mcmc] Progress @ 2026-09-07 22:27:57 : 333 steps taken, and 95 accepted.
[0 : mcmc] Progress @ 2026-09-07 22:27:59 : 333 steps taken, and 89 accepted.
[3 : mcmc] Progress @ 2026-09-07 22:28:20 : 336 steps taken, and 99 accepted.
[2 : mcmc] Progress @ 2026-09-07 22:28:37 : 336 steps taken, and 108 accepted.
[1 : mcmc] Progress @ 2026-09-07 22:29:19 : 336 steps taken, and 95 accepted.
[0 : mcmc] Progress @ 2026-09-07 22:29:24 : 336 steps taken, and 89 accepted.
[3 : mcmc] Progress @ 2026-09-07 22:29:43 : 339 steps taken, and 100 accepted.
[2 : mcmc] Progress @ 2026-09-07 22:30:02 : 339 steps taken, and 108 accepted.
[0 : mcmc] Progress @ 2026-09-07 22:30:45 : 339 steps taken, and 90 accepted.
[1 : mcmc] Progress @ 2026-09-07 22:30:45 : 339 steps taken, and 96 accepted.
[3 : mcmc] Progress @ 2026-09-07 22:31:09 : 342 steps taken, and 101 accepted.
[2 : mcmc] Progress @ 2026-09-07 22:31:25 : 342 steps taken, and 108 accepted.
[1 : mcmc] Progress @ 2026-09-07 22:32:06 : 342 steps taken, and 96 accepted.
[0 : mcmc] Progress @ 2026-09-07 22:32:10 : 342 steps taken, and 90 accepted.
[3 : mcmc] Progress @ 2026-09-07 22:32:31 : 345 steps taken, and 102 accepted.
[2 : mcmc] Progress @ 2026-09-07 22:32:47 : 345 steps taken, and 108 accepted.
[0 : mcmc] Progress @ 2026-09-07 22:33:30 : 345 steps taken, and 91 accepted.
[1 : mcmc] Progress @ 2026-09-07 22:33:30 : 345 steps taken, and 97 accepted.
[3 : mcmc] Progress @ 2026-09-07 22:33:51 : 348 steps taken, and 102 accepted.
[2 : mcmc] Progress @ 2026-09-07 22:34:09 : 348 steps taken, and 108 accepted.
[0 : mcmc] Progress @ 2026-09-07 22:34:51 : 348 steps taken, and 93 accepted.
[1 : mcmc] Progress @ 2026-09-07 22:34:53 : 348 steps taken, and 98 accepted.
[3 : mcmc] Progress @ 2026-09-07 22:35:10 : 351 steps taken, and 103 accepted.
[2 : mcmc] Progress @ 2026-09-07 22:35:30 : 351 steps taken, and 109 accepted.
[1 : mcmc] Progress @ 2026-09-07 22:36:15 : 351 steps taken, and 98 accepted.
[0 : mcmc] Progress @ 2026-09-07 22:36:15 : 351 steps taken, and 94 accepted.
[3 : mcmc] Progress @ 2026-09-07 22:36:33 : 354 steps taken, and 104 accepted.
[2 : mcmc] Progress @ 2026-09-07 22:36:49 : 354 steps taken, and 110 accepted.
[1 : mcmc] Progress @ 2026-09-07 22:37:29 : 354 steps taken, and 99 accepted.
[0 : mcmc] Progress @ 2026-09-07 22:37:34 : 354 steps taken, and 95 accepted.
[3 : mcmc] Progress @ 2026-09-07 22:37:47 : 357 steps taken, and 104 accepted.
[2 : mcmc] Progress @ 2026-09-07 22:38:05 : 358 steps taken, and 111 accepted.
[1 : mcmc] Progress @ 2026-09-07 22:38:49 : 357 steps taken, and 100 accepted.
[0 : mcmc] Progress @ 2026-09-07 22:38:50 : 357 steps taken, and 95 accepted.
[3 : mcmc] Progress @ 2026-09-07 22:39:07 : 360 steps taken, and 105 accepted.
[2 : mcmc] Progress @ 2026-09-07 22:39:24 : 361 steps taken, and 112 accepted.
[0 : mcmc] Progress @ 2026-09-07 22:40:06 : 360 steps taken, and 96 accepted.
[1 : mcmc] Progress @ 2026-09-07 22:40:09 : 360 steps taken, and 101 accepted.
[3 : mcmc] Progress @ 2026-09-07 22:40:22 : 363 steps taken, and 106 accepted.
[2 : mcmc] Progress @ 2026-09-07 22:40:45 : 364 steps taken, and 112 accepted.
[0 : mcmc] Progress @ 2026-09-07 22:41:27 : 363 steps taken, and 98 accepted.
[1 : mcmc] Progress @ 2026-09-07 22:41:27 : 363 steps taken, and 102 accepted.
[3 : mcmc] Progress @ 2026-09-07 22:41:37 : 366 steps taken, and 106 accepted.
[2 : mcmc] Progress @ 2026-09-07 22:42:01 : 367 steps taken, and 112 accepted.
[0 : mcmc] Progress @ 2026-09-07 22:42:42 : 366 steps taken, and 98 accepted.
[1 : mcmc] Progress @ 2026-09-07 22:42:44 : 366 steps taken, and 102 accepted.
[3 : mcmc] Progress @ 2026-09-07 22:42:54 : 369 steps taken, and 107 accepted.
[2 : mcmc] Progress @ 2026-09-07 22:43:18 : 370 steps taken, and 112 accepted.
[0 : mcmc] Progress @ 2026-09-07 22:43:59 : 369 steps taken, and 99 accepted.
[1 : mcmc] Progress @ 2026-09-07 22:44:02 : 369 steps taken, and 103 accepted.
[3 : mcmc] Progress @ 2026-09-07 22:44:12 : 372 steps taken, and 108 accepted.
[2 : mcmc] Progress @ 2026-09-07 22:44:36 : 373 steps taken, and 112 accepted.
[0 : mcmc] Progress @ 2026-09-07 22:45:17 : 372 steps taken, and 99 accepted.
[1 : mcmc] Progress @ 2026-09-07 22:45:20 : 372 steps taken, and 104 accepted.
[3 : mcmc] Progress @ 2026-09-07 22:45:29 : 375 steps taken, and 109 accepted.
[2 : mcmc] Progress @ 2026-09-07 22:45:53 : 377 steps taken, and 112 accepted.
[0 : mcmc] Progress @ 2026-09-07 22:46:33 : 375 steps taken, and 100 accepted.
[1 : mcmc] Progress @ 2026-09-07 22:46:38 : 375 steps taken, and 105 accepted.
[3 : mcmc] Progress @ 2026-09-07 22:46:45 : 378 steps taken, and 109 accepted.
[2 : mcmc] Progress @ 2026-09-07 22:47:11 : 380 steps taken, and 114 accepted.
[1 : mcmc] Progress @ 2026-09-07 22:47:51 : 378 steps taken, and 106 accepted.
[0 : mcmc] Progress @ 2026-09-07 22:47:52 : 378 steps taken, and 100 accepted.
[3 : mcmc] Progress @ 2026-09-07 22:48:02 : 381 steps taken, and 111 accepted.
[2 : mcmc] Progress @ 2026-09-07 22:48:28 : 383 steps taken, and 115 accepted.
[1 : mcmc] Progress @ 2026-09-07 22:49:09 : 381 steps taken, and 108 accepted.
[0 : mcmc] Progress @ 2026-09-07 22:49:10 : 381 steps taken, and 102 accepted.
[3 : mcmc] Progress @ 2026-09-07 22:49:18 : 384 steps taken, and 113 accepted.
[2 : mcmc] Progress @ 2026-09-07 22:49:48 : 386 steps taken, and 115 accepted.
[1 : mcmc] Progress @ 2026-09-07 22:50:26 : 384 steps taken, and 109 accepted.
[0 : mcmc] Progress @ 2026-09-07 22:50:30 : 384 steps taken, and 102 accepted.
[3 : mcmc] Progress @ 2026-09-07 22:50:34 : 387 steps taken, and 113 accepted.
[2 : mcmc] Progress @ 2026-09-07 22:51:04 : 389 steps taken, and 115 accepted.
[0 : mcmc] Progress @ 2026-09-07 22:51:46 : 387 steps taken, and 102 accepted.
[1 : mcmc] Progress @ 2026-09-07 22:51:47 : 387 steps taken, and 111 accepted.
[3 : mcmc] Progress @ 2026-09-07 22:51:56 : 390 steps taken, and 114 accepted.
[2 : mcmc] Progress @ 2026-09-07 22:52:19 : 392 steps taken, and 116 accepted.
[0 : mcmc] Progress @ 2026-09-07 22:53:04 : 390 steps taken, and 102 accepted.
[1 : mcmc] Progress @ 2026-09-07 22:53:05 : 390 steps taken, and 112 accepted.
[3 : mcmc] Progress @ 2026-09-07 22:53:13 : 393 steps taken, and 114 accepted.
[2 : mcmc] Progress @ 2026-09-07 22:53:34 : 395 steps taken, and 116 accepted.
[0 : mcmc] Progress @ 2026-09-07 22:54:22 : 393 steps taken, and 102 accepted.
[1 : mcmc] Progress @ 2026-09-07 22:54:26 : 393 steps taken, and 114 accepted.
[3 : mcmc] Progress @ 2026-09-07 22:54:30 : 396 steps taken, and 114 accepted.
[2 : mcmc] Progress @ 2026-09-07 22:54:50 : 398 steps taken, and 117 accepted.
[1 : mcmc] Progress @ 2026-09-07 22:55:41 : 396 steps taken, and 114 accepted.
[0 : mcmc] Progress @ 2026-09-07 22:55:45 : 396 steps taken, and 103 accepted.
[3 : mcmc] Progress @ 2026-09-07 22:55:46 : 399 steps taken, and 115 accepted.
[2 : mcmc] Progress @ 2026-09-07 22:56:08 : 401 steps taken, and 119 accepted.
[1 : mcmc] Progress @ 2026-09-07 22:56:56 : 399 steps taken, and 115 accepted.
[0 : mcmc] Progress @ 2026-09-07 22:57:02 : 399 steps taken, and 103 accepted.
[3 : mcmc] Progress @ 2026-09-07 22:57:04 : 402 steps taken, and 118 accepted.
[2 : mcmc] Progress @ 2026-09-07 22:57:25 : 404 steps taken, and 121 accepted.
[1 : mcmc] Progress @ 2026-09-07 22:58:15 : 402 steps taken, and 115 accepted.
[0 : mcmc] Progress @ 2026-09-07 22:58:19 : 402 steps taken, and 104 accepted.
[3 : mcmc] Progress @ 2026-09-07 22:58:22 : 405 steps taken, and 119 accepted.
[2 : mcmc] Progress @ 2026-09-07 22:58:44 : 407 steps taken, and 121 accepted.
[1 : mcmc] Progress @ 2026-09-07 22:59:35 : 405 steps taken, and 115 accepted.
[0 : mcmc] Progress @ 2026-09-07 22:59:35 : 405 steps taken, and 105 accepted.
[3 : mcmc] Progress @ 2026-09-07 22:59:43 : 408 steps taken, and 119 accepted.
[2 : mcmc] Progress @ 2026-09-07 23:00:03 : 410 steps taken, and 121 accepted.
[0 : mcmc] Progress @ 2026-09-07 23:00:51 : 408 steps taken, and 106 accepted.
[1 : mcmc] Progress @ 2026-09-07 23:00:52 : 408 steps taken, and 117 accepted.
[3 : mcmc] Progress @ 2026-09-07 23:01:02 : 411 steps taken, and 121 accepted.
[2 : mcmc] Progress @ 2026-09-07 23:01:20 : 413 steps taken, and 124 accepted.
[0 : mcmc] Progress @ 2026-09-07 23:02:08 : 411 steps taken, and 107 accepted.
[1 : mcmc] Progress @ 2026-09-07 23:02:12 : 411 steps taken, and 120 accepted.
[3 : mcmc] Progress @ 2026-09-07 23:02:20 : 414 steps taken, and 121 accepted.
[2 : mcmc] Progress @ 2026-09-07 23:02:41 : 416 steps taken, and 125 accepted.
[1 : mcmc] Progress @ 2026-09-07 23:03:27 : 414 steps taken, and 122 accepted.
[0 : mcmc] Progress @ 2026-09-07 23:03:32 : 414 steps taken, and 109 accepted.
[3 : mcmc] Progress @ 2026-09-07 23:03:36 : 417 steps taken, and 122 accepted.
[2 : mcmc] Progress @ 2026-09-07 23:03:57 : 419 steps taken, and 126 accepted.
[1 : mcmc] Progress @ 2026-09-07 23:04:44 : 417 steps taken, and 122 accepted.
[3 : mcmc] Progress @ 2026-09-07 23:04:50 : 420 steps taken, and 122 accepted.
[0 : mcmc] Progress @ 2026-09-07 23:04:51 : 417 steps taken, and 110 accepted.
[2 : mcmc] Progress @ 2026-09-07 23:05:14 : 422 steps taken, and 128 accepted.
[1 : mcmc] Progress @ 2026-09-07 23:06:03 : 420 steps taken, and 123 accepted.
[3 : mcmc] Progress @ 2026-09-07 23:06:08 : 423 steps taken, and 123 accepted.
[0 : mcmc] Progress @ 2026-09-07 23:06:11 : 420 steps taken, and 111 accepted.
[2 : mcmc] Progress @ 2026-09-07 23:06:29 : 425 steps taken, and 129 accepted.
[1 : mcmc] Progress @ 2026-09-07 23:07:21 : 423 steps taken, and 124 accepted.
[3 : mcmc] Progress @ 2026-09-07 23:07:24 : 426 steps taken, and 123 accepted.
[0 : mcmc] Progress @ 2026-09-07 23:07:32 : 423 steps taken, and 111 accepted.
[2 : mcmc] Progress @ 2026-09-07 23:07:46 : 428 steps taken, and 131 accepted.
[1 : mcmc] Progress @ 2026-09-07 23:08:38 : 426 steps taken, and 126 accepted.
[3 : mcmc] Progress @ 2026-09-07 23:08:42 : 429 steps taken, and 124 accepted.
[0 : mcmc] Progress @ 2026-09-07 23:08:50 : 426 steps taken, and 112 accepted.
[2 : mcmc] Progress @ 2026-09-07 23:09:04 : 431 steps taken, and 131 accepted.
[1 : mcmc] Progress @ 2026-09-07 23:09:58 : 429 steps taken, and 126 accepted.
[3 : mcmc] Progress @ 2026-09-07 23:10:00 : 432 steps taken, and 125 accepted.
[0 : mcmc] Progress @ 2026-09-07 23:10:05 : 429 steps taken, and 113 accepted.
[2 : mcmc] Progress @ 2026-09-07 23:10:21 : 434 steps taken, and 131 accepted.
[1 : mcmc] Progress @ 2026-09-07 23:11:15 : 432 steps taken, and 127 accepted.
[3 : mcmc] Progress @ 2026-09-07 23:11:20 : 435 steps taken, and 126 accepted.
[0 : mcmc] Progress @ 2026-09-07 23:11:23 : 432 steps taken, and 114 accepted.
[2 : mcmc] Progress @ 2026-09-07 23:11:39 : 437 steps taken, and 132 accepted.
[1 : mcmc] Progress @ 2026-09-07 23:12:34 : 435 steps taken, and 127 accepted.
[3 : mcmc] Progress @ 2026-09-07 23:12:38 : 438 steps taken, and 126 accepted.
[0 : mcmc] Progress @ 2026-09-07 23:12:40 : 435 steps taken, and 115 accepted.
[2 : mcmc] Progress @ 2026-09-07 23:12:56 : 440 steps taken, and 133 accepted.
[1 : mcmc] Progress @ 2026-09-07 23:13:51 : 439 steps taken, and 129 accepted.
[3 : mcmc] Progress @ 2026-09-07 23:13:54 : 441 steps taken, and 128 accepted.
[0 : mcmc] Progress @ 2026-09-07 23:14:00 : 438 steps taken, and 115 accepted.
[2 : mcmc] Progress @ 2026-09-07 23:14:13 : 443 steps taken, and 134 accepted.
[1 : mcmc] Progress @ 2026-09-07 23:15:09 : 442 steps taken, and 130 accepted.
[3 : mcmc] Progress @ 2026-09-07 23:15:11 : 444 steps taken, and 128 accepted.
[0 : mcmc] Progress @ 2026-09-07 23:15:22 : 441 steps taken, and 115 accepted.
[2 : mcmc] Progress @ 2026-09-07 23:15:31 : 446 steps taken, and 135 accepted.
[1 : mcmc] Progress @ 2026-09-07 23:16:27 : 445 steps taken, and 130 accepted.
[3 : mcmc] Progress @ 2026-09-07 23:16:29 : 447 steps taken, and 129 accepted.
[0 : mcmc] Progress @ 2026-09-07 23:16:37 : 444 steps taken, and 116 accepted.
[2 : mcmc] Progress @ 2026-09-07 23:16:50 : 449 steps taken, and 136 accepted.
[1 : mcmc] Progress @ 2026-09-07 23:17:46 : 448 steps taken, and 130 accepted.
[3 : mcmc] Progress @ 2026-09-07 23:17:49 : 450 steps taken, and 131 accepted.
[0 : mcmc] Progress @ 2026-09-07 23:17:54 : 447 steps taken, and 116 accepted.
[2 : mcmc] Progress @ 2026-09-07 23:18:05 : 452 steps taken, and 139 accepted.
[3 : mcmc] Progress @ 2026-09-07 23:19:03 : 453 steps taken, and 131 accepted.
[1 : mcmc] Progress @ 2026-09-07 23:19:04 : 451 steps taken, and 131 accepted.
[0 : mcmc] Progress @ 2026-09-07 23:19:12 : 450 steps taken, and 117 accepted.
[2 : mcmc] Progress @ 2026-09-07 23:19:21 : 455 steps taken, and 141 accepted.
[3 : mcmc] Progress @ 2026-09-07 23:20:22 : 456 steps taken, and 132 accepted.
[1 : mcmc] Progress @ 2026-09-07 23:20:27 : 454 steps taken, and 133 accepted.
[0 : mcmc] Progress @ 2026-09-07 23:20:34 : 453 steps taken, and 117 accepted.
[2 : mcmc] Progress @ 2026-09-07 23:20:44 : 458 steps taken, and 142 accepted.
[3 : mcmc] Progress @ 2026-09-07 23:21:47 : 459 steps taken, and 132 accepted.
[1 : mcmc] Progress @ 2026-09-07 23:21:48 : 457 steps taken, and 134 accepted.
[0 : mcmc] Progress @ 2026-09-07 23:21:56 : 456 steps taken, and 117 accepted.
[2 : mcmc] Progress @ 2026-09-07 23:22:08 : 461 steps taken, and 142 accepted.
[3 : mcmc] Progress @ 2026-09-07 23:23:09 : 462 steps taken, and 132 accepted.
[1 : mcmc] Progress @ 2026-09-07 23:23:11 : 460 steps taken, and 135 accepted.
[0 : mcmc] Progress @ 2026-09-07 23:23:19 : 459 steps taken, and 117 accepted.
[2 : mcmc] Progress @ 2026-09-07 23:23:29 : 464 steps taken, and 143 accepted.
[1 : mcmc] Progress @ 2026-09-07 23:24:31 : 463 steps taken, and 136 accepted.
[3 : mcmc] Progress @ 2026-09-07 23:24:33 : 465 steps taken, and 132 accepted.
[0 : mcmc] Progress @ 2026-09-07 23:24:41 : 462 steps taken, and 119 accepted.
[2 : mcmc] Progress @ 2026-09-07 23:24:52 : 467 steps taken, and 144 accepted.
[1 : mcmc] Progress @ 2026-09-07 23:25:56 : 466 steps taken, and 138 accepted.
[3 : mcmc] Progress @ 2026-09-07 23:25:58 : 468 steps taken, and 133 accepted.
[0 : mcmc] Progress @ 2026-09-07 23:26:08 : 465 steps taken, and 119 accepted.
[2 : mcmc] Progress @ 2026-09-07 23:26:20 : 470 steps taken, and 146 accepted.
[1 : mcmc] Progress @ 2026-09-07 23:27:21 : 469 steps taken, and 140 accepted.
[3 : mcmc] Progress @ 2026-09-07 23:27:26 : 471 steps taken, and 133 accepted.
[0 : mcmc] Progress @ 2026-09-07 23:27:32 : 468 steps taken, and 120 accepted.
[2 : mcmc] Progress @ 2026-09-07 23:27:44 : 473 steps taken, and 147 accepted.
[1 : mcmc] Progress @ 2026-09-07 23:28:42 : 472 steps taken, and 141 accepted.
[3 : mcmc] Progress @ 2026-09-07 23:28:48 : 474 steps taken, and 134 accepted.
[0 : mcmc] Progress @ 2026-09-07 23:28:55 : 471 steps taken, and 121 accepted.
[2 : mcmc] Progress @ 2026-09-07 23:29:07 : 476 steps taken, and 147 accepted.
[1 : mcmc] Progress @ 2026-09-07 23:30:04 : 475 steps taken, and 141 accepted.
[3 : mcmc] Progress @ 2026-09-07 23:30:07 : 477 steps taken, and 135 accepted.
[0 : mcmc] Progress @ 2026-09-07 23:30:15 : 474 steps taken, and 122 accepted.
[2 : mcmc] Progress @ 2026-09-07 23:30:28 : 479 steps taken, and 149 accepted.
[1 : mcmc] Progress @ 2026-09-07 23:31:21 : 478 steps taken, and 143 accepted.
[3 : mcmc] Progress @ 2026-09-07 23:31:24 : 480 steps taken, and 135 accepted.
[0 : mcmc] Progress @ 2026-09-07 23:31:35 : 477 steps taken, and 123 accepted.
[2 : mcmc] Progress @ 2026-09-07 23:31:51 : 482 steps taken, and 149 accepted.
[3 : mcmc] Progress @ 2026-09-07 23:32:40 : 483 steps taken, and 136 accepted.
[1 : mcmc] Progress @ 2026-09-07 23:32:41 : 481 steps taken, and 145 accepted.
[0 : mcmc] Progress @ 2026-09-07 23:32:55 : 480 steps taken, and 123 accepted.
[2 : mcmc] Progress @ 2026-09-07 23:33:09 : 485 steps taken, and 149 accepted.
[1 : mcmc] Progress @ 2026-09-07 23:33:58 : 484 steps taken, and 147 accepted.
[3 : mcmc] Progress @ 2026-09-07 23:33:59 : 486 steps taken, and 139 accepted.
[0 : mcmc] Progress @ 2026-09-07 23:34:14 : 483 steps taken, and 124 accepted.
[2 : mcmc] Progress @ 2026-09-07 23:34:29 : 488 steps taken, and 149 accepted.
[3 : mcmc] Progress @ 2026-09-07 23:35:18 : 489 steps taken, and 140 accepted.
[1 : mcmc] Progress @ 2026-09-07 23:35:20 : 487 steps taken, and 148 accepted.
[0 : mcmc] Progress @ 2026-09-07 23:35:38 : 486 steps taken, and 126 accepted.
[2 : mcmc] Progress @ 2026-09-07 23:35:47 : 491 steps taken, and 149 accepted.
[3 : mcmc] Progress @ 2026-09-07 23:36:35 : 492 steps taken, and 141 accepted.
[1 : mcmc] Progress @ 2026-09-07 23:36:38 : 491 steps taken, and 149 accepted.
[0 : mcmc] Progress @ 2026-09-07 23:36:55 : 489 steps taken, and 129 accepted.
[2 : mcmc] Progress @ 2026-09-07 23:37:08 : 494 steps taken, and 149 accepted.
[3 : mcmc] Progress @ 2026-09-07 23:37:53 : 495 steps taken, and 143 accepted.
[1 : mcmc] Progress @ 2026-09-07 23:37:56 : 494 steps taken, and 149 accepted.
[0 : mcmc] Progress @ 2026-09-07 23:38:13 : 493 steps taken, and 130 accepted.
[2 : mcmc] Progress @ 2026-09-07 23:38:26 : 497 steps taken, and 149 accepted.
[3 : mcmc] Progress @ 2026-09-07 23:39:09 : 498 steps taken, and 144 accepted.
[1 : mcmc] Progress @ 2026-09-07 23:39:13 : 498 steps taken, and 150 accepted.
[0 : mcmc] Progress @ 2026-09-07 23:39:30 : 496 steps taken, and 131 accepted.
[2 : mcmc] Progress @ 2026-09-07 23:39:46 : 500 steps taken, and 149 accepted.
[3 : mcmc] Progress @ 2026-09-07 23:40:29 : 501 steps taken, and 145 accepted.
[1 : mcmc] Progress @ 2026-09-07 23:40:29 : 501 steps taken, and 153 accepted.
[0 : mcmc] Progress @ 2026-09-07 23:40:52 : 499 steps taken, and 133 accepted.
[2 : mcmc] Progress @ 2026-09-07 23:41:02 : 503 steps taken, and 150 accepted.
[1 : mcmc] Progress @ 2026-09-07 23:41:47 : 504 steps taken, and 153 accepted.
[3 : mcmc] Progress @ 2026-09-07 23:41:47 : 504 steps taken, and 146 accepted.
[0 : mcmc] Progress @ 2026-09-07 23:42:12 : 502 steps taken, and 133 accepted.
[2 : mcmc] Progress @ 2026-09-07 23:42:16 : 506 steps taken, and 150 accepted.
[3 : mcmc] Progress @ 2026-09-07 23:43:02 : 507 steps taken, and 147 accepted.
[1 : mcmc] Progress @ 2026-09-07 23:43:04 : 508 steps taken, and 154 accepted.
[0 : mcmc] Progress @ 2026-09-07 23:43:31 : 505 steps taken, and 133 accepted.
[2 : mcmc] Progress @ 2026-09-07 23:43:34 : 509 steps taken, and 151 accepted.
[3 : mcmc] Progress @ 2026-09-07 23:44:18 : 510 steps taken, and 148 accepted.
[1 : mcmc] Progress @ 2026-09-07 23:44:23 : 511 steps taken, and 157 accepted.
[0 : mcmc] Progress @ 2026-09-07 23:44:50 : 508 steps taken, and 134 accepted.
[2 : mcmc] Progress @ 2026-09-07 23:44:53 : 512 steps taken, and 152 accepted.
[3 : mcmc] Progress @ 2026-09-07 23:45:34 : 513 steps taken, and 148 accepted.
[1 : mcmc] Progress @ 2026-09-07 23:45:39 : 516 steps taken, and 158 accepted.
[0 : mcmc] Progress @ 2026-09-07 23:46:08 : 511 steps taken, and 134 accepted.
[2 : mcmc] Progress @ 2026-09-07 23:46:10 : 515 steps taken, and 152 accepted.
[3 : mcmc] Progress @ 2026-09-07 23:46:50 : 516 steps taken, and 149 accepted.
[1 : mcmc] Progress @ 2026-09-07 23:46:56 : 519 steps taken, and 159 accepted.
[0 : mcmc] Progress @ 2026-09-07 23:47:27 : 514 steps taken, and 134 accepted.
[2 : mcmc] Progress @ 2026-09-07 23:47:29 : 518 steps taken, and 153 accepted.
[3 : mcmc] Progress @ 2026-09-07 23:48:09 : 519 steps taken, and 150 accepted.
[1 : mcmc] Progress @ 2026-09-07 23:48:14 : 522 steps taken, and 161 accepted.
[0 : mcmc] Progress @ 2026-09-07 23:48:43 : 517 steps taken, and 134 accepted.
[2 : mcmc] Progress @ 2026-09-07 23:48:45 : 521 steps taken, and 153 accepted.
[3 : mcmc] Progress @ 2026-09-07 23:49:24 : 522 steps taken, and 151 accepted.
[1 : mcmc] Progress @ 2026-09-07 23:49:33 : 525 steps taken, and 161 accepted.
[2 : mcmc] Progress @ 2026-09-07 23:50:04 : 524 steps taken, and 154 accepted.
[0 : mcmc] Progress @ 2026-09-07 23:50:05 : 520 steps taken, and 135 accepted.
[3 : mcmc] Progress @ 2026-09-07 23:50:41 : 525 steps taken, and 151 accepted.
[1 : mcmc] Progress @ 2026-09-07 23:50:50 : 528 steps taken, and 162 accepted.
[0 : mcmc] Progress @ 2026-09-07 23:51:21 : 523 steps taken, and 137 accepted.
[2 : mcmc] Progress @ 2026-09-07 23:51:22 : 527 steps taken, and 155 accepted.
[3 : mcmc] Progress @ 2026-09-07 23:52:00 : 528 steps taken, and 153 accepted.
[1 : mcmc] Progress @ 2026-09-07 23:52:07 : 532 steps taken, and 162 accepted.
[2 : mcmc] Progress @ 2026-09-07 23:52:37 : 530 steps taken, and 157 accepted.
[0 : mcmc] Progress @ 2026-09-07 23:52:41 : 526 steps taken, and 138 accepted.
[3 : mcmc] Progress @ 2026-09-07 23:53:18 : 531 steps taken, and 154 accepted.
[1 : mcmc] Progress @ 2026-09-07 23:53:24 : 536 steps taken, and 162 accepted.
[2 : mcmc] Progress @ 2026-09-07 23:53:56 : 533 steps taken, and 158 accepted.
[0 : mcmc] Progress @ 2026-09-07 23:54:05 : 529 steps taken, and 139 accepted.
[1 : mcmc] Progress @ 2026-09-07 23:54:37 : 539 steps taken, and 162 accepted.
[3 : mcmc] Progress @ 2026-09-07 23:54:38 : 534 steps taken, and 154 accepted.
[2 : mcmc] Progress @ 2026-09-07 23:55:12 : 536 steps taken, and 158 accepted.
[0 : mcmc] Progress @ 2026-09-07 23:55:23 : 532 steps taken, and 140 accepted.
[3 : mcmc] Progress @ 2026-09-07 23:55:50 : 537 steps taken, and 155 accepted.
[1 : mcmc] Progress @ 2026-09-07 23:55:54 : 542 steps taken, and 163 accepted.
[2 : mcmc] Progress @ 2026-09-07 23:56:32 : 539 steps taken, and 159 accepted.
[0 : mcmc] Progress @ 2026-09-07 23:56:39 : 535 steps taken, and 141 accepted.
[3 : mcmc] Progress @ 2026-09-07 23:57:02 : 540 steps taken, and 155 accepted.
[1 : mcmc] Progress @ 2026-09-07 23:57:12 : 545 steps taken, and 163 accepted.
[2 : mcmc] Progress @ 2026-09-07 23:57:49 : 542 steps taken, and 159 accepted.
[0 : mcmc] Progress @ 2026-09-07 23:57:59 : 538 steps taken, and 142 accepted.
[3 : mcmc] Progress @ 2026-09-07 23:58:18 : 543 steps taken, and 156 accepted.
[1 : mcmc] Progress @ 2026-09-07 23:58:33 : 548 steps taken, and 164 accepted.
[2 : mcmc] Progress @ 2026-09-07 23:59:08 : 545 steps taken, and 160 accepted.
[0 : mcmc] Progress @ 2026-09-07 23:59:16 : 541 steps taken, and 143 accepted.
[3 : mcmc] Progress @ 2026-09-07 23:59:36 : 546 steps taken, and 159 accepted.
[1 : mcmc] Progress @ 2026-09-07 23:59:52 : 551 steps taken, and 164 accepted.
[2 : mcmc] Progress @ 2026-09-08 00:00:28 : 548 steps taken, and 160 accepted.
[0 : mcmc] Progress @ 2026-09-08 00:00:36 : 544 steps taken, and 144 accepted.
[3 : mcmc] Progress @ 2026-09-08 00:00:51 : 549 steps taken, and 159 accepted.
[1 : mcmc] Progress @ 2026-09-08 00:01:10 : 554 steps taken, and 165 accepted.
[2 : mcmc] Progress @ 2026-09-08 00:01:48 : 551 steps taken, and 161 accepted.
[0 : mcmc] Progress @ 2026-09-08 00:01:56 : 547 steps taken, and 145 accepted.
[3 : mcmc] Progress @ 2026-09-08 00:02:09 : 552 steps taken, and 160 accepted.
[1 : mcmc] Progress @ 2026-09-08 00:02:29 : 557 steps taken, and 165 accepted.
[2 : mcmc] Progress @ 2026-09-08 00:03:09 : 554 steps taken, and 161 accepted.
[0 : mcmc] Progress @ 2026-09-08 00:03:15 : 550 steps taken, and 146 accepted.
[3 : mcmc] Progress @ 2026-09-08 00:03:33 : 555 steps taken, and 161 accepted.
[1 : mcmc] Progress @ 2026-09-08 00:03:53 : 560 steps taken, and 165 accepted.
[2 : mcmc] Progress @ 2026-09-08 00:04:29 : 557 steps taken, and 162 accepted.
[0 : mcmc] Progress @ 2026-09-08 00:04:36 : 553 steps taken, and 148 accepted.
[3 : mcmc] Progress @ 2026-09-08 00:04:56 : 558 steps taken, and 161 accepted.
[1 : mcmc] Progress @ 2026-09-08 00:05:15 : 563 steps taken, and 166 accepted.
[2 : mcmc] Progress @ 2026-09-08 00:05:54 : 560 steps taken, and 162 accepted.
[0 : mcmc] Progress @ 2026-09-08 00:05:58 : 558 steps taken, and 148 accepted.
[3 : mcmc] Progress @ 2026-09-08 00:06:21 : 561 steps taken, and 164 accepted.
[1 : mcmc] Progress @ 2026-09-08 00:06:39 : 566 steps taken, and 168 accepted.
[2 : mcmc] Progress @ 2026-09-08 00:07:12 : 563 steps taken, and 162 accepted.
[0 : mcmc] Progress @ 2026-09-08 00:07:22 : 561 steps taken, and 148 accepted.
[3 : mcmc] Progress @ 2026-09-08 00:07:45 : 564 steps taken, and 164 accepted.
[1 : mcmc] Progress @ 2026-09-08 00:08:02 : 569 steps taken, and 168 accepted.
[2 : mcmc] Progress @ 2026-09-08 00:08:37 : 566 steps taken, and 163 accepted.
[0 : mcmc] Progress @ 2026-09-08 00:08:42 : 565 steps taken, and 149 accepted.
[3 : mcmc] Progress @ 2026-09-08 00:09:04 : 567 steps taken, and 167 accepted.
[1 : mcmc] Progress @ 2026-09-08 00:09:17 : 573 steps taken, and 168 accepted.
[2 : mcmc] Progress @ 2026-09-08 00:09:57 : 569 steps taken, and 163 accepted.
[0 : mcmc] Progress @ 2026-09-08 00:09:59 : 574 steps taken, and 150 accepted.
[3 : mcmc] Progress @ 2026-09-08 00:10:23 : 570 steps taken, and 168 accepted.
[1 : mcmc] Progress @ 2026-09-08 00:10:34 : 576 steps taken, and 169 accepted.
[2 : mcmc] Progress @ 2026-09-08 00:11:12 : 572 steps taken, and 164 accepted.
[0 : mcmc] Progress @ 2026-09-08 00:11:15 : 579 steps taken, and 151 accepted.
[3 : mcmc] Progress @ 2026-09-08 00:11:41 : 573 steps taken, and 169 accepted.
[1 : mcmc] Progress @ 2026-09-08 00:11:51 : 581 steps taken, and 171 accepted.
[2 : mcmc] Progress @ 2026-09-08 00:12:29 : 575 steps taken, and 165 accepted.
[0 : mcmc] Progress @ 2026-09-08 00:12:36 : 582 steps taken, and 153 accepted.
[3 : mcmc] Progress @ 2026-09-08 00:13:02 : 576 steps taken, and 170 accepted.
[1 : mcmc] Progress @ 2026-09-08 00:13:09 : 585 steps taken, and 171 accepted.
[2 : mcmc] Progress @ 2026-09-08 00:13:50 : 578 steps taken, and 165 accepted.
[0 : mcmc] Progress @ 2026-09-08 00:13:54 : 585 steps taken, and 154 accepted.
[3 : mcmc] Progress @ 2026-09-08 00:14:24 : 579 steps taken, and 170 accepted.
[1 : mcmc] Progress @ 2026-09-08 00:14:29 : 589 steps taken, and 171 accepted.
[2 : mcmc] Progress @ 2026-09-08 00:15:10 : 581 steps taken, and 166 accepted.
[0 : mcmc] Progress @ 2026-09-08 00:15:15 : 588 steps taken, and 156 accepted.
[3 : mcmc] Progress @ 2026-09-08 00:15:48 : 582 steps taken, and 171 accepted.
[1 : mcmc] Progress @ 2026-09-08 00:15:54 : 592 steps taken, and 172 accepted.
[2 : mcmc] Progress @ 2026-09-08 00:16:34 : 584 steps taken, and 166 accepted.
[0 : mcmc] Progress @ 2026-09-08 00:16:38 : 591 steps taken, and 156 accepted.
[3 : mcmc] Progress @ 2026-09-08 00:17:02 : 585 steps taken, and 173 accepted.
[1 : mcmc] Progress @ 2026-09-08 00:17:16 : 596 steps taken, and 173 accepted.
[2 : mcmc] Progress @ 2026-09-08 00:17:58 : 587 steps taken, and 167 accepted.
[0 : mcmc] Progress @ 2026-09-08 00:18:03 : 595 steps taken, and 158 accepted.
[3 : mcmc] Progress @ 2026-09-08 00:18:23 : 588 steps taken, and 174 accepted.
[1 : mcmc] Progress @ 2026-09-08 00:18:37 : 603 steps taken, and 175 accepted.
[2 : mcmc] Progress @ 2026-09-08 00:19:22 : 590 steps taken, and 168 accepted.
[0 : mcmc] Progress @ 2026-09-08 00:19:25 : 598 steps taken, and 161 accepted.
[3 : mcmc] Progress @ 2026-09-08 00:19:43 : 591 steps taken, and 174 accepted.
[1 : mcmc] Progress @ 2026-09-08 00:20:00 : 608 steps taken, and 175 accepted.
[0 : mcmc] Progress @ 2026-09-08 00:20:46 : 601 steps taken, and 161 accepted.
[2 : mcmc] Progress @ 2026-09-08 00:20:46 : 593 steps taken, and 168 accepted.
[3 : mcmc] Progress @ 2026-09-08 00:21:07 : 594 steps taken, and 176 accepted.
[1 : mcmc] Progress @ 2026-09-08 00:21:22 : 612 steps taken, and 176 accepted.
[0 : mcmc] Progress @ 2026-09-08 00:21:47 : 603 steps taken, and 162 accepted.
[2 : mcmc] Progress @ 2026-09-08 00:22:11 : 596 steps taken, and 169 accepted.
[3 : mcmc] Progress @ 2026-09-08 00:22:32 : 598 steps taken, and 177 accepted.
[1 : mcmc] Progress @ 2026-09-08 00:22:48 : 616 steps taken, and 178 accepted.
[0 : mcmc] Progress @ 2026-09-08 00:23:09 : 609 steps taken, and 162 accepted.
[2 : mcmc] Progress @ 2026-09-08 00:23:34 : 599 steps taken, and 171 accepted.
[3 : mcmc] Progress @ 2026-09-08 00:23:56 : 602 steps taken, and 178 accepted.
[1 : mcmc] Progress @ 2026-09-08 00:24:12 : 619 steps taken, and 179 accepted.
[0 : mcmc] Progress @ 2026-09-08 00:24:29 : 616 steps taken, and 164 accepted.
[2 : mcmc] Progress @ 2026-09-08 00:24:55 : 602 steps taken, and 172 accepted.
[3 : mcmc] Progress @ 2026-09-08 00:25:18 : 606 steps taken, and 179 accepted.
[1 : mcmc] Progress @ 2026-09-08 00:25:34 : 622 steps taken, and 181 accepted.
[0 : mcmc] Progress @ 2026-09-08 00:25:54 : 621 steps taken, and 166 accepted.
[2 : mcmc] Progress @ 2026-09-08 00:26:16 : 605 steps taken, and 172 accepted.
[3 : mcmc] Progress @ 2026-09-08 00:26:37 : 610 steps taken, and 179 accepted.
[1 : mcmc] Progress @ 2026-09-08 00:26:54 : 628 steps taken, and 183 accepted.
[0 : mcmc] Progress @ 2026-09-08 00:27:12 : 624 steps taken, and 169 accepted.
[2 : mcmc] Progress @ 2026-09-08 00:27:33 : 608 steps taken, and 174 accepted.
[3 : mcmc] Progress @ 2026-09-08 00:27:48 : 613 steps taken, and 180 accepted.
[1 : mcmc] Progress @ 2026-09-08 00:27:55 : 633 steps taken, and 184 accepted.
[0 : mcmc] Progress @ 2026-09-08 00:28:19 : 631 steps taken, and 170 accepted.
[2 : mcmc] Progress @ 2026-09-08 00:28:43 : 613 steps taken, and 175 accepted.
[3 : mcmc] Progress @ 2026-09-08 00:28:53 : 619 steps taken, and 181 accepted.
[1 : mcmc] Progress @ 2026-09-08 00:29:00 : 640 steps taken, and 186 accepted.
[0 : mcmc] Progress @ 2026-09-08 00:29:25 : 638 steps taken, and 172 accepted.
[2 : mcmc] Progress @ 2026-09-08 00:29:48 : 618 steps taken, and 177 accepted.
[3 : mcmc] Progress @ 2026-09-08 00:29:59 : 624 steps taken, and 183 accepted.
[1 : mcmc] Progress @ 2026-09-08 00:30:06 : 648 steps taken, and 186 accepted.
[0 : mcmc] Progress @ 2026-09-08 00:30:34 : 643 steps taken, and 172 accepted.
[2 : mcmc] Progress @ 2026-09-08 00:30:55 : 623 steps taken, and 178 accepted.
[3 : mcmc] Progress @ 2026-09-08 00:31:05 : 631 steps taken, and 184 accepted.
[1 : mcmc] Progress @ 2026-09-08 00:31:12 : 656 steps taken, and 187 accepted.
[0 : mcmc] Progress @ 2026-09-08 00:31:35 : 647 steps taken, and 173 accepted.
[2 : mcmc] Progress @ 2026-09-08 00:32:01 : 628 steps taken, and 180 accepted.
[3 : mcmc] Progress @ 2026-09-08 00:32:13 : 636 steps taken, and 186 accepted.
[1 : mcmc] Progress @ 2026-09-08 00:32:18 : 662 steps taken, and 190 accepted.
[0 : mcmc] Progress @ 2026-09-08 00:32:42 : 653 steps taken, and 175 accepted.
[2 : mcmc] Progress @ 2026-09-08 00:33:06 : 633 steps taken, and 184 accepted.
[3 : mcmc] Progress @ 2026-09-08 00:33:20 : 645 steps taken, and 189 accepted.
[1 : mcmc] Progress @ 2026-09-08 00:33:24 : 667 steps taken, and 192 accepted.
[0 : mcmc] Progress @ 2026-09-08 00:33:48 : 658 steps taken, and 176 accepted.
[2 : mcmc] Progress @ 2026-09-08 00:34:12 : 638 steps taken, and 186 accepted.
[3 : mcmc] Progress @ 2026-09-08 00:34:26 : 650 steps taken, and 189 accepted.
[1 : mcmc] Progress @ 2026-09-08 00:34:30 : 672 steps taken, and 194 accepted.
[0 : mcmc] Progress @ 2026-09-08 00:34:54 : 663 steps taken, and 177 accepted.
[2 : mcmc] Progress @ 2026-09-08 00:35:18 : 643 steps taken, and 188 accepted.
[3 : mcmc] Progress @ 2026-09-08 00:35:32 : 655 steps taken, and 192 accepted.
[1 : mcmc] Progress @ 2026-09-08 00:35:36 : 677 steps taken, and 196 accepted.
[0 : mcmc] Progress @ 2026-09-08 00:36:01 : 667 steps taken, and 179 accepted.
[2 : mcmc] Progress @ 2026-09-08 00:36:23 : 648 steps taken, and 191 accepted.
[3 : mcmc] Progress @ 2026-09-08 00:36:38 : 660 steps taken, and 195 accepted.
[1 : mcmc] Progress @ 2026-09-08 00:36:42 : 682 steps taken, and 197 accepted.
[0 : mcmc] Progress @ 2026-09-08 00:37:07 : 673 steps taken, and 181 accepted.
[2 : mcmc] Progress @ 2026-09-08 00:37:30 : 653 steps taken, and 192 accepted.
[3 : mcmc] Progress @ 2026-09-08 00:37:44 : 665 steps taken, and 196 accepted.
[1 : mcmc] Progress @ 2026-09-08 00:37:48 : 687 steps taken, and 197 accepted.
[0 : mcmc] Progress @ 2026-09-08 00:38:13 : 678 steps taken, and 182 accepted.
[2 : mcmc] Progress @ 2026-09-08 00:38:36 : 658 steps taken, and 193 accepted.
[3 : mcmc] Progress @ 2026-09-08 00:38:49 : 670 steps taken, and 197 accepted.
[1 : mcmc] Progress @ 2026-09-08 00:38:54 : 692 steps taken, and 199 accepted.
[0 : mcmc] Progress @ 2026-09-08 00:39:24 : 683 steps taken, and 183 accepted.
[2 : mcmc] Progress @ 2026-09-08 00:39:45 : 663 steps taken, and 195 accepted.
[3 : mcmc] Progress @ 2026-09-08 00:39:55 : 675 steps taken, and 197 accepted.
[1 : mcmc] Progress @ 2026-09-08 00:40:00 : 697 steps taken, and 200 accepted.
[0 : mcmc] Progress @ 2026-09-08 00:40:28 : 686 steps taken, and 184 accepted.
[2 : mcmc] Progress @ 2026-09-08 00:40:51 : 668 steps taken, and 197 accepted.
[3 : mcmc] Progress @ 2026-09-08 00:41:01 : 680 steps taken, and 199 accepted.
[1 : mcmc] Progress @ 2026-09-08 00:41:06 : 702 steps taken, and 202 accepted.
[0 : mcmc] Progress @ 2026-09-08 00:41:35 : 691 steps taken, and 184 accepted.
[2 : mcmc] Progress @ 2026-09-08 00:41:56 : 673 steps taken, and 198 accepted.
[3 : mcmc] Progress @ 2026-09-08 00:42:06 : 685 steps taken, and 200 accepted.
[1 : mcmc] Progress @ 2026-09-08 00:42:12 : 707 steps taken, and 205 accepted.
[0 : mcmc] Progress @ 2026-09-08 00:42:41 : 696 steps taken, and 185 accepted.
[2 : mcmc] Progress @ 2026-09-08 00:43:02 : 678 steps taken, and 202 accepted.
[3 : mcmc] Progress @ 2026-09-08 00:43:12 : 690 steps taken, and 201 accepted.
[1 : mcmc] Progress @ 2026-09-08 00:43:18 : 712 steps taken, and 206 accepted.
[0 : mcmc] Progress @ 2026-09-08 00:43:47 : 701 steps taken, and 186 accepted.
[2 : mcmc] Progress @ 2026-09-08 00:44:08 : 683 steps taken, and 204 accepted.
[3 : mcmc] Progress @ 2026-09-08 00:44:18 : 695 steps taken, and 202 accepted.
[1 : mcmc] Progress @ 2026-09-08 00:44:24 : 717 steps taken, and 208 accepted.
[0 : mcmc] Progress @ 2026-09-08 00:44:53 : 706 steps taken, and 188 accepted.
[2 : mcmc] Progress @ 2026-09-08 00:45:14 : 688 steps taken, and 205 accepted.
[3 : mcmc] Progress @ 2026-09-08 00:45:24 : 700 steps taken, and 205 accepted.
[1 : mcmc] Progress @ 2026-09-08 00:45:30 : 722 steps taken, and 209 accepted.
[0 : mcmc] Progress @ 2026-09-08 00:46:01 : 711 steps taken, and 189 accepted.
[2 : mcmc] Progress @ 2026-09-08 00:46:20 : 693 steps taken, and 205 accepted.
[3 : mcmc] Progress @ 2026-09-08 00:46:30 : 705 steps taken, and 205 accepted.
[1 : mcmc] Progress @ 2026-09-08 00:46:36 : 727 steps taken, and 209 accepted.
[0 : mcmc] Progress @ 2026-09-08 00:47:07 : 716 steps taken, and 190 accepted.
[2 : mcmc] Progress @ 2026-09-08 00:47:26 : 698 steps taken, and 206 accepted.
[3 : mcmc] Progress @ 2026-09-08 00:47:36 : 710 steps taken, and 208 accepted.
[1 : mcmc] Progress @ 2026-09-08 00:47:42 : 732 steps taken, and 211 accepted.
[0 : mcmc] Progress @ 2026-09-08 00:48:13 : 721 steps taken, and 191 accepted.
[2 : mcmc] Progress @ 2026-09-08 00:48:33 : 703 steps taken, and 207 accepted.
[3 : mcmc] Progress @ 2026-09-08 00:48:41 : 715 steps taken, and 210 accepted.
[1 : mcmc] Progress @ 2026-09-08 00:48:48 : 737 steps taken, and 212 accepted.
[0 : mcmc] Progress @ 2026-09-08 00:49:20 : 726 steps taken, and 194 accepted.
[2 : mcmc] Progress @ 2026-09-08 00:49:39 : 708 steps taken, and 207 accepted.
[3 : mcmc] Progress @ 2026-09-08 00:49:47 : 720 steps taken, and 211 accepted.
[1 : mcmc] Progress @ 2026-09-08 00:49:54 : 742 steps taken, and 213 accepted.
[0 : mcmc] Progress @ 2026-09-08 00:50:31 : 731 steps taken, and 196 accepted.
[2 : mcmc] Progress @ 2026-09-08 00:50:51 : 713 steps taken, and 208 accepted.
[3 : mcmc] Progress @ 2026-09-08 00:50:53 : 725 steps taken, and 214 accepted.
[1 : mcmc] Progress @ 2026-09-08 00:51:00 : 747 steps taken, and 214 accepted.
[0 : mcmc] Progress @ 2026-09-08 00:51:34 : 734 steps taken, and 197 accepted.
[2 : mcmc] Progress @ 2026-09-08 00:51:57 : 718 steps taken, and 210 accepted.
[3 : mcmc] Progress @ 2026-09-08 00:51:59 : 730 steps taken, and 215 accepted.
[1 : mcmc] Progress @ 2026-09-08 00:52:06 : 752 steps taken, and 215 accepted.
[0 : mcmc] Progress @ 2026-09-08 00:52:47 : 739 steps taken, and 198 accepted.
[2 : mcmc] Progress @ 2026-09-08 00:53:03 : 723 steps taken, and 212 accepted.
[3 : mcmc] Progress @ 2026-09-08 00:53:05 : 735 steps taken, and 216 accepted.
[1 : mcmc] Progress @ 2026-09-08 00:53:18 : 757 steps taken, and 218 accepted.
[0 : mcmc] Progress @ 2026-09-08 00:53:52 : 744 steps taken, and 198 accepted.
[2 : mcmc] Progress @ 2026-09-08 00:54:09 : 728 steps taken, and 213 accepted.
[3 : mcmc] Progress @ 2026-09-08 00:54:11 : 740 steps taken, and 218 accepted.
[1 : mcmc] Progress @ 2026-09-08 00:54:24 : 762 steps taken, and 221 accepted.
[0 : mcmc] Progress @ 2026-09-08 00:54:58 : 749 steps taken, and 200 accepted.
[2 : mcmc] Progress @ 2026-09-08 00:55:15 : 733 steps taken, and 214 accepted.
[3 : mcmc] Progress @ 2026-09-08 00:55:17 : 745 steps taken, and 219 accepted.
[1 : mcmc] Progress @ 2026-09-08 00:55:30 : 767 steps taken, and 221 accepted.
[0 : mcmc] Progress @ 2026-09-08 00:56:04 : 754 steps taken, and 200 accepted.
[2 : mcmc] Progress @ 2026-09-08 00:56:20 : 738 steps taken, and 215 accepted.
[3 : mcmc] Progress @ 2026-09-08 00:56:24 : 750 steps taken, and 219 accepted.
[1 : mcmc] Progress @ 2026-09-08 00:56:36 : 772 steps taken, and 221 accepted.
[0 : mcmc] Progress @ 2026-09-08 00:57:10 : 759 steps taken, and 202 accepted.
[2 : mcmc] Progress @ 2026-09-08 00:57:26 : 743 steps taken, and 217 accepted.
[3 : mcmc] Progress @ 2026-09-08 00:57:30 : 755 steps taken, and 219 accepted.
[1 : mcmc] Progress @ 2026-09-08 00:57:42 : 777 steps taken, and 222 accepted.
[0 : mcmc] Progress @ 2026-09-08 00:58:16 : 764 steps taken, and 204 accepted.
[2 : mcmc] Progress @ 2026-09-08 00:58:32 : 748 steps taken, and 218 accepted.
[3 : mcmc] Progress @ 2026-09-08 00:58:36 : 760 steps taken, and 219 accepted.
[1 : mcmc] Progress @ 2026-09-08 00:58:49 : 782 steps taken, and 223 accepted.
[0 : mcmc] Progress @ 2026-09-08 00:59:22 : 769 steps taken, and 204 accepted.
[2 : mcmc] Progress @ 2026-09-08 00:59:37 : 753 steps taken, and 218 accepted.
[3 : mcmc] Progress @ 2026-09-08 00:59:43 : 765 steps taken, and 221 accepted.
[1 : mcmc] Progress @ 2026-09-08 01:00:01 : 787 steps taken, and 225 accepted.
[0 : mcmc] Progress @ 2026-09-08 01:00:29 : 774 steps taken, and 206 accepted.
[2 : mcmc] Progress @ 2026-09-08 01:00:43 : 758 steps taken, and 219 accepted.
[3 : mcmc] Progress @ 2026-09-08 01:00:48 : 770 steps taken, and 222 accepted.
[1 : mcmc] Progress @ 2026-09-08 01:01:07 : 792 steps taken, and 228 accepted.
[0 : mcmc] Progress @ 2026-09-08 01:01:35 : 779 steps taken, and 206 accepted.
[2 : mcmc] Progress @ 2026-09-08 01:01:49 : 763 steps taken, and 220 accepted.
[3 : mcmc] Progress @ 2026-09-08 01:01:54 : 775 steps taken, and 224 accepted.
[1 : mcmc] Progress @ 2026-09-08 01:02:13 : 797 steps taken, and 230 accepted.
[0 : mcmc] Progress @ 2026-09-08 01:02:41 : 784 steps taken, and 207 accepted.
[2 : mcmc] Progress @ 2026-09-08 01:02:54 : 768 steps taken, and 221 accepted.
[3 : mcmc] Progress @ 2026-09-08 01:03:00 : 780 steps taken, and 226 accepted.
[1 : mcmc] Progress @ 2026-09-08 01:03:19 : 802 steps taken, and 232 accepted.
[0 : mcmc] Progress @ 2026-09-08 01:03:48 : 789 steps taken, and 208 accepted.
[2 : mcmc] Progress @ 2026-09-08 01:04:00 : 773 steps taken, and 222 accepted.
[3 : mcmc] Progress @ 2026-09-08 01:04:06 : 785 steps taken, and 227 accepted.
[1 : mcmc] Progress @ 2026-09-08 01:04:25 : 807 steps taken, and 232 accepted.
[0 : mcmc] Progress @ 2026-09-08 01:04:55 : 793 steps taken, and 209 accepted.
[2 : mcmc] Progress @ 2026-09-08 01:05:06 : 778 steps taken, and 223 accepted.
[3 : mcmc] Progress @ 2026-09-08 01:05:12 : 790 steps taken, and 229 accepted.
[1 : mcmc] Progress @ 2026-09-08 01:05:31 : 812 steps taken, and 233 accepted.
[0 : mcmc] Progress @ 2026-09-08 01:06:01 : 798 steps taken, and 210 accepted.
[2 : mcmc] Progress @ 2026-09-08 01:06:12 : 783 steps taken, and 226 accepted.
[3 : mcmc] Progress @ 2026-09-08 01:06:18 : 795 steps taken, and 230 accepted.
[1 : mcmc] Progress @ 2026-09-08 01:06:37 : 817 steps taken, and 235 accepted.
[0 : mcmc] Progress @ 2026-09-08 01:07:08 : 803 steps taken, and 212 accepted.
[2 : mcmc] Progress @ 2026-09-08 01:07:18 : 788 steps taken, and 226 accepted.
[3 : mcmc] Progress @ 2026-09-08 01:07:24 : 800 steps taken, and 232 accepted.
[1 : mcmc] Progress @ 2026-09-08 01:07:43 : 822 steps taken, and 236 accepted.
[0 : mcmc] Progress @ 2026-09-08 01:08:13 : 808 steps taken, and 214 accepted.
[2 : mcmc] Progress @ 2026-09-08 01:08:23 : 793 steps taken, and 228 accepted.
[3 : mcmc] Progress @ 2026-09-08 01:08:29 : 805 steps taken, and 235 accepted.
[1 : mcmc] Progress @ 2026-09-08 01:08:49 : 827 steps taken, and 237 accepted.
[0 : mcmc] Progress @ 2026-09-08 01:09:19 : 813 steps taken, and 216 accepted.
[2 : mcmc] Progress @ 2026-09-08 01:09:28 : 798 steps taken, and 231 accepted.
[3 : mcmc] Progress @ 2026-09-08 01:09:36 : 810 steps taken, and 237 accepted.
[1 : mcmc] Progress @ 2026-09-08 01:09:55 : 832 steps taken, and 238 accepted.
[0 : mcmc] Progress @ 2026-09-08 01:10:26 : 818 steps taken, and 219 accepted.
[2 : mcmc] Progress @ 2026-09-08 01:10:35 : 803 steps taken, and 234 accepted.
[3 : mcmc] Progress @ 2026-09-08 01:10:43 : 815 steps taken, and 238 accepted.
[1 : mcmc] Progress @ 2026-09-08 01:11:04 : 837 steps taken, and 239 accepted.
[0 : mcmc] Progress @ 2026-09-08 01:11:28 : 822 steps taken, and 220 accepted.
[2 : mcmc] Progress @ 2026-09-08 01:11:41 : 808 steps taken, and 236 accepted.
[3 : mcmc] Progress @ 2026-09-08 01:11:49 : 820 steps taken, and 241 accepted.
[1 : mcmc] Progress @ 2026-09-08 01:12:10 : 842 steps taken, and 239 accepted.
[0 : mcmc] Progress @ 2026-09-08 01:12:35 : 827 steps taken, and 223 accepted.
[2 : mcmc] Progress @ 2026-09-08 01:12:47 : 814 steps taken, and 237 accepted.
[3 : mcmc] Progress @ 2026-09-08 01:12:55 : 825 steps taken, and 242 accepted.
[1 : mcmc] Progress @ 2026-09-08 01:13:16 : 847 steps taken, and 242 accepted.
[0 : mcmc] Progress @ 2026-09-08 01:13:40 : 832 steps taken, and 226 accepted.
[2 : mcmc] Progress @ 2026-09-08 01:13:52 : 819 steps taken, and 237 accepted.
[3 : mcmc] Progress @ 2026-09-08 01:14:01 : 830 steps taken, and 244 accepted.
[1 : mcmc] Progress @ 2026-09-08 01:14:22 : 852 steps taken, and 243 accepted.
[0 : mcmc] Progress @ 2026-09-08 01:14:46 : 837 steps taken, and 227 accepted.
[2 : mcmc] Progress @ 2026-09-08 01:14:58 : 824 steps taken, and 239 accepted.
[3 : mcmc] Progress @ 2026-09-08 01:15:07 : 835 steps taken, and 245 accepted.
[1 : mcmc] Progress @ 2026-09-08 01:15:28 : 857 steps taken, and 245 accepted.
[0 : mcmc] Progress @ 2026-09-08 01:15:52 : 842 steps taken, and 228 accepted.
[2 : mcmc] Progress @ 2026-09-08 01:16:03 : 830 steps taken, and 240 accepted.
[3 : mcmc] Progress @ 2026-09-08 01:16:13 : 840 steps taken, and 248 accepted.
[1 : mcmc] Progress @ 2026-09-08 01:16:34 : 862 steps taken, and 246 accepted.
[0 : mcmc] Progress @ 2026-09-08 01:16:58 : 847 steps taken, and 231 accepted.
[2 : mcmc] Progress @ 2026-09-08 01:17:09 : 838 steps taken, and 242 accepted.
[3 : mcmc] Progress @ 2026-09-08 01:17:19 : 845 steps taken, and 248 accepted.
[1 : mcmc] Progress @ 2026-09-08 01:17:40 : 867 steps taken, and 247 accepted.
[0 : mcmc] Progress @ 2026-09-08 01:18:04 : 852 steps taken, and 232 accepted.
[2 : mcmc] Progress @ 2026-09-08 01:18:14 : 843 steps taken, and 243 accepted.
[3 : mcmc] Progress @ 2026-09-08 01:18:24 : 850 steps taken, and 250 accepted.
[1 : mcmc] Progress @ 2026-09-08 01:18:47 : 872 steps taken, and 248 accepted.
[0 : mcmc] Progress @ 2026-09-08 01:19:11 : 857 steps taken, and 235 accepted.
[2 : mcmc] Progress @ 2026-09-08 01:19:20 : 852 steps taken, and 245 accepted.
[3 : mcmc] Progress @ 2026-09-08 01:19:32 : 855 steps taken, and 250 accepted.
[1 : mcmc] Progress @ 2026-09-08 01:19:54 : 877 steps taken, and 250 accepted.
[0 : mcmc] Progress @ 2026-09-08 01:20:17 : 862 steps taken, and 237 accepted.
[2 : mcmc] Progress @ 2026-09-08 01:20:27 : 857 steps taken, and 246 accepted.
[3 : mcmc] Progress @ 2026-09-08 01:20:47 : 860 steps taken, and 251 accepted.
[1 : mcmc] Progress @ 2026-09-08 01:21:01 : 882 steps taken, and 253 accepted.
[0 : mcmc] Progress @ 2026-09-08 01:21:25 : 867 steps taken, and 238 accepted.
[2 : mcmc] Progress @ 2026-09-08 01:21:32 : 865 steps taken, and 247 accepted.
[3 : mcmc] Progress @ 2026-09-08 01:21:57 : 865 steps taken, and 251 accepted.
[1 : mcmc] Progress @ 2026-09-08 01:22:07 : 887 steps taken, and 255 accepted.
[0 : mcmc] Progress @ 2026-09-08 01:22:31 : 872 steps taken, and 240 accepted.
[2 : mcmc] Progress @ 2026-09-08 01:22:39 : 872 steps taken, and 250 accepted.
[3 : mcmc] Progress @ 2026-09-08 01:23:03 : 870 steps taken, and 251 accepted.
[1 : mcmc] Progress @ 2026-09-08 01:23:13 : 892 steps taken, and 255 accepted.
[0 : mcmc] Progress @ 2026-09-08 01:23:38 : 877 steps taken, and 241 accepted.
[2 : mcmc] Progress @ 2026-09-08 01:23:44 : 881 steps taken, and 251 accepted.
[3 : mcmc] Progress @ 2026-09-08 01:24:09 : 875 steps taken, and 251 accepted.
[1 : mcmc] Progress @ 2026-09-08 01:24:19 : 897 steps taken, and 256 accepted.
[0 : mcmc] Progress @ 2026-09-08 01:24:45 : 882 steps taken, and 242 accepted.
[2 : mcmc] Progress @ 2026-09-08 01:24:51 : 887 steps taken, and 251 accepted.
[3 : mcmc] Progress @ 2026-09-08 01:25:15 : 879 steps taken, and 251 accepted.
[1 : mcmc] Progress @ 2026-09-08 01:25:25 : 901 steps taken, and 256 accepted.
[0 : mcmc] Progress @ 2026-09-08 01:25:51 : 887 steps taken, and 243 accepted.
[2 : mcmc] Progress @ 2026-09-08 01:25:57 : 893 steps taken, and 253 accepted.
[3 : mcmc] Progress @ 2026-09-08 01:26:21 : 884 steps taken, and 254 accepted.
[1 : mcmc] Progress @ 2026-09-08 01:26:32 : 906 steps taken, and 258 accepted.
[0 : mcmc] Progress @ 2026-09-08 01:26:58 : 892 steps taken, and 244 accepted.
[2 : mcmc] Progress @ 2026-09-08 01:27:03 : 898 steps taken, and 254 accepted.
[3 : mcmc] Progress @ 2026-09-08 01:27:26 : 889 steps taken, and 256 accepted.
[1 : mcmc] Progress @ 2026-09-08 01:27:38 : 911 steps taken, and 259 accepted.
[0 : mcmc] Progress @ 2026-09-08 01:28:04 : 897 steps taken, and 247 accepted.
[2 : mcmc] Progress @ 2026-09-08 01:28:09 : 906 steps taken, and 255 accepted.
[3 : mcmc] Progress @ 2026-09-08 01:28:32 : 894 steps taken, and 256 accepted.
[1 : mcmc] Progress @ 2026-09-08 01:28:44 : 916 steps taken, and 262 accepted.
[0 : mcmc] Progress @ 2026-09-08 01:29:10 : 902 steps taken, and 249 accepted.
[2 : mcmc] Progress @ 2026-09-08 01:29:14 : 916 steps taken, and 256 accepted.
[3 : mcmc] Progress @ 2026-09-08 01:29:38 : 899 steps taken, and 257 accepted.
[1 : mcmc] Progress @ 2026-09-08 01:29:50 : 921 steps taken, and 264 accepted.
[0 : mcmc] Progress @ 2026-09-08 01:30:17 : 907 steps taken, and 252 accepted.
[2 : mcmc] Progress @ 2026-09-08 01:30:20 : 922 steps taken, and 258 accepted.
[3 : mcmc] Progress @ 2026-09-08 01:30:44 : 904 steps taken, and 259 accepted.
[1 : mcmc] Progress @ 2026-09-08 01:30:57 : 926 steps taken, and 265 accepted.
[0 : mcmc] Progress @ 2026-09-08 01:31:24 : 912 steps taken, and 253 accepted.
[2 : mcmc] Progress @ 2026-09-08 01:31:26 : 929 steps taken, and 260 accepted.
[3 : mcmc] Progress @ 2026-09-08 01:31:50 : 909 steps taken, and 260 accepted.
[1 : mcmc] Progress @ 2026-09-08 01:32:03 : 931 steps taken, and 266 accepted.
[0 : mcmc] Progress @ 2026-09-08 01:32:30 : 917 steps taken, and 255 accepted.
[2 : mcmc] Progress @ 2026-09-08 01:32:31 : 935 steps taken, and 261 accepted.
[3 : mcmc] Progress @ 2026-09-08 01:32:56 : 914 steps taken, and 261 accepted.
[1 : mcmc] Progress @ 2026-09-08 01:33:09 : 936 steps taken, and 267 accepted.
[0 : mcmc] Progress @ 2026-09-08 01:33:36 : 922 steps taken, and 256 accepted.
[2 : mcmc] Progress @ 2026-09-08 01:33:38 : 941 steps taken, and 262 accepted.
[3 : mcmc] Progress @ 2026-09-08 01:34:02 : 919 steps taken, and 263 accepted.
[1 : mcmc] Progress @ 2026-09-08 01:34:16 : 941 steps taken, and 268 accepted.
[0 : mcmc] Progress @ 2026-09-08 01:34:42 : 927 steps taken, and 256 accepted.
[2 : mcmc] Progress @ 2026-09-08 01:34:44 : 947 steps taken, and 263 accepted.
[3 : mcmc] Progress @ 2026-09-08 01:35:08 : 924 steps taken, and 266 accepted.
[1 : mcmc] Progress @ 2026-09-08 01:35:22 : 946 steps taken, and 269 accepted.
[0 : mcmc] Progress @ 2026-09-08 01:35:48 : 932 steps taken, and 257 accepted.
[2 : mcmc] Progress @ 2026-09-08 01:35:50 : 954 steps taken, and 264 accepted.
[3 : mcmc] Progress @ 2026-09-08 01:36:13 : 929 steps taken, and 268 accepted.
[1 : mcmc] Progress @ 2026-09-08 01:36:28 : 951 steps taken, and 270 accepted.
[0 : mcmc] Progress @ 2026-09-08 01:36:54 : 937 steps taken, and 259 accepted.
[2 : mcmc] Progress @ 2026-09-08 01:36:56 : 960 steps taken, and 266 accepted.
[3 : mcmc] Progress @ 2026-09-08 01:37:19 : 934 steps taken, and 270 accepted.
[1 : mcmc] Progress @ 2026-09-08 01:37:34 : 956 steps taken, and 273 accepted.
[0 : mcmc] Progress @ 2026-09-08 01:38:00 : 942 steps taken, and 261 accepted.
[2 : mcmc] Progress @ 2026-09-08 01:38:01 : 965 steps taken, and 266 accepted.
[3 : mcmc] Progress @ 2026-09-08 01:38:25 : 939 steps taken, and 271 accepted.
[1 : mcmc] Progress @ 2026-09-08 01:38:40 : 961 steps taken, and 274 accepted.
[0 : mcmc] Progress @ 2026-09-08 01:39:07 : 947 steps taken, and 263 accepted.
[2 : mcmc] Progress @ 2026-09-08 01:39:07 : 971 steps taken, and 268 accepted.
[3 : mcmc] Progress @ 2026-09-08 01:39:30 : 944 steps taken, and 272 accepted.
[1 : mcmc] Progress @ 2026-09-08 01:39:47 : 966 steps taken, and 276 accepted.
[0 : mcmc] Progress @ 2026-09-08 01:40:13 : 952 steps taken, and 264 accepted.
[2 : mcmc] Progress @ 2026-09-08 01:40:13 : 976 steps taken, and 269 accepted.
[3 : mcmc] Progress @ 2026-09-08 01:40:37 : 949 steps taken, and 274 accepted.
[1 : mcmc] Progress @ 2026-09-08 01:40:53 : 971 steps taken, and 276 accepted.
[0 : mcmc] Progress @ 2026-09-08 01:41:19 : 957 steps taken, and 265 accepted.
[2 : mcmc] Progress @ 2026-09-08 01:41:19 : 981 steps taken, and 270 accepted.
[3 : mcmc] Progress @ 2026-09-08 01:41:42 : 954 steps taken, and 275 accepted.
[1 : mcmc] Progress @ 2026-09-08 01:41:59 : 976 steps taken, and 276 accepted.
[0 : mcmc] Progress @ 2026-09-08 01:42:25 : 962 steps taken, and 267 accepted.
[2 : mcmc] Progress @ 2026-09-08 01:42:25 : 986 steps taken, and 271 accepted.
[3 : mcmc] Progress @ 2026-09-08 01:42:48 : 959 steps taken, and 276 accepted.
[1 : mcmc] Progress @ 2026-09-08 01:43:06 : 981 steps taken, and 276 accepted.
[0 : mcmc] Progress @ 2026-09-08 01:43:31 : 967 steps taken, and 269 accepted.
[2 : mcmc] Progress @ 2026-09-08 01:43:31 : 991 steps taken, and 274 accepted.
[3 : mcmc] Progress @ 2026-09-08 01:43:54 : 964 steps taken, and 279 accepted.
[1 : mcmc] Progress @ 2026-09-08 01:44:12 : 986 steps taken, and 279 accepted.
[2 : mcmc] Progress @ 2026-09-08 01:44:36 : 996 steps taken, and 276 accepted.
[0 : mcmc] Progress @ 2026-09-08 01:44:36 : 972 steps taken, and 269 accepted.
[3 : mcmc] Progress @ 2026-09-08 01:45:00 : 969 steps taken, and 282 accepted.
[1 : mcmc] Progress @ 2026-09-08 01:45:18 : 991 steps taken, and 280 accepted.
[2 : mcmc] Progress @ 2026-09-08 01:45:42 : 1002 steps taken, and 278 accepted.
[0 : mcmc] Progress @ 2026-09-08 01:45:42 : 977 steps taken, and 269 accepted.
[3 : mcmc] Progress @ 2026-09-08 01:46:06 : 974 steps taken, and 282 accepted.
[1 : mcmc] Progress @ 2026-09-08 01:46:25 : 996 steps taken, and 280 accepted.
[2 : mcmc] Progress @ 2026-09-08 01:46:48 : 1007 steps taken, and 279 accepted.
[0 : mcmc] Progress @ 2026-09-08 01:46:49 : 982 steps taken, and 270 accepted.
[3 : mcmc] Progress @ 2026-09-08 01:47:13 : 979 steps taken, and 282 accepted.
[1 : mcmc] Progress @ 2026-09-08 01:47:31 : 1001 steps taken, and 282 accepted.
[2 : mcmc] Progress @ 2026-09-08 01:47:53 : 1012 steps taken, and 282 accepted.
[0 : mcmc] Progress @ 2026-09-08 01:47:55 : 987 steps taken, and 270 accepted.
[3 : mcmc] Progress @ 2026-09-08 01:48:19 : 984 steps taken, and 283 accepted.
[1 : mcmc] Progress @ 2026-09-08 01:48:38 : 1006 steps taken, and 286 accepted.
[0 : mcmc] Progress @ 2026-09-08 01:49:02 : 992 steps taken, and 273 accepted.
[2 : mcmc] Progress @ 2026-09-08 01:49:09 : 1020 steps taken, and 283 accepted.
[3 : mcmc] Progress @ 2026-09-08 01:49:29 : 989 steps taken, and 284 accepted.
[1 : mcmc] Progress @ 2026-09-08 01:49:53 : 1011 steps taken, and 288 accepted.
[0 : mcmc] Progress @ 2026-09-08 01:50:13 : 997 steps taken, and 275 accepted.
[2 : mcmc] Progress @ 2026-09-08 01:50:19 : 1028 steps taken, and 283 accepted.
[3 : mcmc] Progress @ 2026-09-08 01:50:36 : 994 steps taken, and 285 accepted.
[1 : mcmc] Progress @ 2026-09-08 01:51:00 : 1016 steps taken, and 289 accepted.
[0 : mcmc] Progress @ 2026-09-08 01:51:19 : 1002 steps taken, and 275 accepted.
[2 : mcmc] Progress @ 2026-09-08 01:51:24 : 1034 steps taken, and 284 accepted.
[3 : mcmc] Progress @ 2026-09-08 01:51:42 : 999 steps taken, and 285 accepted.
[1 : mcmc] Progress @ 2026-09-08 01:52:13 : 1021 steps taken, and 290 accepted.
[0 : mcmc] Progress @ 2026-09-08 01:52:20 : 1006 steps taken, and 278 accepted.
[2 : mcmc] Progress @ 2026-09-08 01:52:25 : 1038 steps taken, and 286 accepted.
[3 : mcmc] Progress @ 2026-09-08 01:52:50 : 1004 steps taken, and 286 accepted.
[1 : mcmc] Progress @ 2026-09-08 01:53:23 : 1026 steps taken, and 291 accepted.
[0 : mcmc] Progress @ 2026-09-08 01:53:26 : 1011 steps taken, and 279 accepted.
[2 : mcmc] Progress @ 2026-09-08 01:53:31 : 1043 steps taken, and 286 accepted.
[3 : mcmc] Progress @ 2026-09-08 01:53:55 : 1009 steps taken, and 288 accepted.
[1 : mcmc] Progress @ 2026-09-08 01:54:29 : 1031 steps taken, and 291 accepted.
[0 : mcmc] Progress @ 2026-09-08 01:54:32 : 1016 steps taken, and 281 accepted.
[2 : mcmc] Progress @ 2026-09-08 01:54:37 : 1048 steps taken, and 289 accepted.
[3 : mcmc] Progress @ 2026-09-08 01:55:01 : 1014 steps taken, and 289 accepted.
[1 : mcmc] Progress @ 2026-09-08 01:55:36 : 1036 steps taken, and 293 accepted.
[0 : mcmc] Progress @ 2026-09-08 01:55:38 : 1021 steps taken, and 282 accepted.
[2 : mcmc] Progress @ 2026-09-08 01:55:43 : 1053 steps taken, and 292 accepted.
[3 : mcmc] Progress @ 2026-09-08 01:56:07 : 1019 steps taken, and 290 accepted.
[1 : mcmc] Progress @ 2026-09-08 01:56:42 : 1041 steps taken, and 294 accepted.
[0 : mcmc] Progress @ 2026-09-08 01:56:44 : 1026 steps taken, and 282 accepted.
[2 : mcmc] Progress @ 2026-09-08 01:56:49 : 1058 steps taken, and 295 accepted.
[3 : mcmc] Progress @ 2026-09-08 01:57:12 : 1024 steps taken, and 292 accepted.
[1 : mcmc] Progress @ 2026-09-08 01:57:48 : 1046 steps taken, and 294 accepted.
[0 : mcmc] Progress @ 2026-09-08 01:57:50 : 1031 steps taken, and 284 accepted.
[2 : mcmc] Progress @ 2026-09-08 01:57:56 : 1063 steps taken, and 297 accepted.
[3 : mcmc] Progress @ 2026-09-08 01:58:19 : 1029 steps taken, and 294 accepted.
[1 : mcmc] Progress @ 2026-09-08 01:58:55 : 1051 steps taken, and 295 accepted.
[0 : mcmc] Progress @ 2026-09-08 01:58:59 : 1036 steps taken, and 287 accepted.
[2 : mcmc] Progress @ 2026-09-08 01:59:05 : 1068 steps taken, and 298 accepted.
[3 : mcmc] Progress @ 2026-09-08 01:59:25 : 1034 steps taken, and 295 accepted.
[1 : mcmc] Progress @ 2026-09-08 02:00:01 : 1056 steps taken, and 295 accepted.
[0 : mcmc] Progress @ 2026-09-08 02:00:05 : 1041 steps taken, and 288 accepted.
[2 : mcmc] Progress @ 2026-09-08 02:00:10 : 1073 steps taken, and 299 accepted.
[3 : mcmc] Progress @ 2026-09-08 02:00:31 : 1039 steps taken, and 297 accepted.
[1 : mcmc] Progress @ 2026-09-08 02:01:07 : 1061 steps taken, and 297 accepted.
[0 : mcmc] Progress @ 2026-09-08 02:01:11 : 1046 steps taken, and 288 accepted.
[2 : mcmc] Progress @ 2026-09-08 02:01:16 : 1078 steps taken, and 301 accepted.
[3 : mcmc] Progress @ 2026-09-08 02:01:36 : 1044 steps taken, and 297 accepted.
[1 : mcmc] Progress @ 2026-09-08 02:02:14 : 1066 steps taken, and 299 accepted.
[0 : mcmc] Progress @ 2026-09-08 02:02:17 : 1051 steps taken, and 288 accepted.
[2 : mcmc] Progress @ 2026-09-08 02:02:21 : 1083 steps taken, and 302 accepted.
[3 : mcmc] Progress @ 2026-09-08 02:02:41 : 1049 steps taken, and 299 accepted.
[1 : mcmc] Progress @ 2026-09-08 02:03:21 : 1071 steps taken, and 301 accepted.
[0 : mcmc] Progress @ 2026-09-08 02:03:24 : 1056 steps taken, and 290 accepted.
[2 : mcmc] Progress @ 2026-09-08 02:03:27 : 1088 steps taken, and 304 accepted.
[3 : mcmc] Progress @ 2026-09-08 02:03:48 : 1054 steps taken, and 301 accepted.
[1 : mcmc] Progress @ 2026-09-08 02:04:28 : 1076 steps taken, and 301 accepted.
[0 : mcmc] Progress @ 2026-09-08 02:04:30 : 1061 steps taken, and 290 accepted.
[2 : mcmc] Progress @ 2026-09-08 02:04:36 : 1093 steps taken, and 305 accepted.
[3 : mcmc] Progress @ 2026-09-08 02:04:58 : 1059 steps taken, and 302 accepted.
[1 : mcmc] Progress @ 2026-09-08 02:05:34 : 1081 steps taken, and 301 accepted.
[0 : mcmc] Progress @ 2026-09-08 02:05:36 : 1066 steps taken, and 293 accepted.
[2 : mcmc] Progress @ 2026-09-08 02:05:41 : 1098 steps taken, and 308 accepted.
[3 : mcmc] Progress @ 2026-09-08 02:06:04 : 1064 steps taken, and 303 accepted.
[1 : mcmc] Progress @ 2026-09-08 02:06:41 : 1086 steps taken, and 301 accepted.
[0 : mcmc] Progress @ 2026-09-08 02:06:42 : 1071 steps taken, and 295 accepted.
[2 : mcmc] Progress @ 2026-09-08 02:06:47 : 1103 steps taken, and 309 accepted.
[3 : mcmc] Progress @ 2026-09-08 02:07:10 : 1069 steps taken, and 305 accepted.
[1 : mcmc] Progress @ 2026-09-08 02:07:47 : 1091 steps taken, and 302 accepted.
[0 : mcmc] Progress @ 2026-09-08 02:07:48 : 1076 steps taken, and 298 accepted.
[2 : mcmc] Progress @ 2026-09-08 02:07:55 : 1108 steps taken, and 313 accepted.
[3 : mcmc] Progress @ 2026-09-08 02:08:16 : 1074 steps taken, and 306 accepted.
[1 : mcmc] Progress @ 2026-09-08 02:08:53 : 1096 steps taken, and 302 accepted.
[0 : mcmc] Progress @ 2026-09-08 02:08:53 : 1081 steps taken, and 300 accepted.
[2 : mcmc] Progress @ 2026-09-08 02:09:00 : 1113 steps taken, and 314 accepted.
[3 : mcmc] Progress @ 2026-09-08 02:09:21 : 1079 steps taken, and 307 accepted.
[1 : mcmc] Progress @ 2026-09-08 02:09:59 : 1101 steps taken, and 303 accepted.
[0 : mcmc] Progress @ 2026-09-08 02:10:00 : 1086 steps taken, and 303 accepted.
[2 : mcmc] Progress @ 2026-09-08 02:10:06 : 1118 steps taken, and 315 accepted.
[3 : mcmc] Progress @ 2026-09-08 02:10:27 : 1084 steps taken, and 307 accepted.
[0 : mcmc] Progress @ 2026-09-08 02:11:05 : 1091 steps taken, and 304 accepted.
[1 : mcmc] Progress @ 2026-09-08 02:11:05 : 1106 steps taken, and 306 accepted.
[2 : mcmc] Progress @ 2026-09-08 02:11:12 : 1123 steps taken, and 315 accepted.
[3 : mcmc] Progress @ 2026-09-08 02:11:32 : 1089 steps taken, and 309 accepted.
[0 : mcmc] Progress @ 2026-09-08 02:12:11 : 1096 steps taken, and 305 accepted.
[1 : mcmc] Progress @ 2026-09-08 02:12:11 : 1111 steps taken, and 307 accepted.
[2 : mcmc] Progress @ 2026-09-08 02:12:17 : 1128 steps taken, and 315 accepted.
[3 : mcmc] Progress @ 2026-09-08 02:12:38 : 1094 steps taken, and 312 accepted.
[0 : mcmc] Progress @ 2026-09-08 02:13:17 : 1101 steps taken, and 306 accepted.
[1 : mcmc] Progress @ 2026-09-08 02:13:17 : 1116 steps taken, and 308 accepted.
[2 : mcmc] Progress @ 2026-09-08 02:13:22 : 1133 steps taken, and 316 accepted.
[3 : mcmc] Progress @ 2026-09-08 02:13:43 : 1099 steps taken, and 312 accepted.
[0 : mcmc] Progress @ 2026-09-08 02:14:23 : 1106 steps taken, and 307 accepted.
[1 : mcmc] Progress @ 2026-09-08 02:14:23 : 1121 steps taken, and 310 accepted.
[2 : mcmc] Progress @ 2026-09-08 02:14:28 : 1138 steps taken, and 318 accepted.
[3 : mcmc] Progress @ 2026-09-08 02:14:49 : 1104 steps taken, and 314 accepted.
[0 : mcmc] Progress @ 2026-09-08 02:15:28 : 1111 steps taken, and 310 accepted.
[1 : mcmc] Progress @ 2026-09-08 02:15:29 : 1126 steps taken, and 311 accepted.
[2 : mcmc] Progress @ 2026-09-08 02:15:34 : 1143 steps taken, and 319 accepted.
[3 : mcmc] Progress @ 2026-09-08 02:15:55 : 1109 steps taken, and 314 accepted.
[0 : mcmc] Progress @ 2026-09-08 02:16:34 : 1116 steps taken, and 311 accepted.
[1 : mcmc] Progress @ 2026-09-08 02:16:35 : 1131 steps taken, and 311 accepted.
[2 : mcmc] Progress @ 2026-09-08 02:16:39 : 1148 steps taken, and 321 accepted.
[3 : mcmc] Progress @ 2026-09-08 02:17:00 : 1114 steps taken, and 315 accepted.
[0 : mcmc] Progress @ 2026-09-08 02:17:40 : 1121 steps taken, and 313 accepted.
[1 : mcmc] Progress @ 2026-09-08 02:17:41 : 1136 steps taken, and 313 accepted.
[2 : mcmc] Progress @ 2026-09-08 02:17:45 : 1154 steps taken, and 322 accepted.
[3 : mcmc] Progress @ 2026-09-08 02:18:06 : 1119 steps taken, and 318 accepted.
[0 : mcmc] Progress @ 2026-09-08 02:18:46 : 1126 steps taken, and 314 accepted.
[1 : mcmc] Progress @ 2026-09-08 02:18:47 : 1141 steps taken, and 314 accepted.
[2 : mcmc] Progress @ 2026-09-08 02:18:50 : 1160 steps taken, and 322 accepted.
[3 : mcmc] Progress @ 2026-09-08 02:19:12 : 1124 steps taken, and 318 accepted.
[0 : mcmc] Progress @ 2026-09-08 02:19:52 : 1131 steps taken, and 317 accepted.
[1 : mcmc] Progress @ 2026-09-08 02:19:53 : 1146 steps taken, and 315 accepted.
[2 : mcmc] Progress @ 2026-09-08 02:19:56 : 1165 steps taken, and 323 accepted.
[3 : mcmc] Progress @ 2026-09-08 02:20:17 : 1129 steps taken, and 319 accepted.
[0 : mcmc] Progress @ 2026-09-08 02:20:58 : 1136 steps taken, and 318 accepted.
[1 : mcmc] Progress @ 2026-09-08 02:20:59 : 1151 steps taken, and 318 accepted.
[2 : mcmc] Progress @ 2026-09-08 02:21:02 : 1170 steps taken, and 326 accepted.
[3 : mcmc] Progress @ 2026-09-08 02:21:23 : 1134 steps taken, and 321 accepted.
[0 : mcmc] Progress @ 2026-09-08 02:22:04 : 1141 steps taken, and 318 accepted.
[1 : mcmc] Progress @ 2026-09-08 02:22:05 : 1156 steps taken, and 320 accepted.
[2 : mcmc] Progress @ 2026-09-08 02:22:07 : 1175 steps taken, and 328 accepted.
[3 : mcmc] Progress @ 2026-09-08 02:22:28 : 1139 steps taken, and 323 accepted.
[0 : mcmc] Progress @ 2026-09-08 02:23:10 : 1146 steps taken, and 320 accepted.
[1 : mcmc] Progress @ 2026-09-08 02:23:11 : 1161 steps taken, and 322 accepted.
[2 : mcmc] Progress @ 2026-09-08 02:23:12 : 1180 steps taken, and 329 accepted.
[3 : mcmc] Progress @ 2026-09-08 02:23:33 : 1144 steps taken, and 325 accepted.
[0 : mcmc] Progress @ 2026-09-08 02:24:16 : 1151 steps taken, and 321 accepted.
[1 : mcmc] Progress @ 2026-09-08 02:24:16 : 1166 steps taken, and 324 accepted.
[2 : mcmc] Progress @ 2026-09-08 02:24:18 : 1185 steps taken, and 330 accepted.
[3 : mcmc] Progress @ 2026-09-08 02:24:39 : 1149 steps taken, and 325 accepted.
[0 : mcmc] Progress @ 2026-09-08 02:25:22 : 1156 steps taken, and 324 accepted.
[1 : mcmc] Progress @ 2026-09-08 02:25:22 : 1171 steps taken, and 327 accepted.
[2 : mcmc] Progress @ 2026-09-08 02:25:23 : 1190 steps taken, and 332 accepted.
[3 : mcmc] Progress @ 2026-09-08 02:25:44 : 1154 steps taken, and 325 accepted.
[0 : mcmc] Progress @ 2026-09-08 02:26:28 : 1161 steps taken, and 328 accepted.
[1 : mcmc] Progress @ 2026-09-08 02:26:28 : 1176 steps taken, and 330 accepted.
[2 : mcmc] Progress @ 2026-09-08 02:26:29 : 1195 steps taken, and 336 accepted.
[3 : mcmc] Progress @ 2026-09-08 02:26:50 : 1159 steps taken, and 325 accepted.
[2 : mcmc] Progress @ 2026-09-08 02:27:34 : 1200 steps taken, and 337 accepted.
[0 : mcmc] Progress @ 2026-09-08 02:27:34 : 1166 steps taken, and 330 accepted.
[1 : mcmc] Progress @ 2026-09-08 02:27:34 : 1181 steps taken, and 332 accepted.
[3 : mcmc] Progress @ 2026-09-08 02:27:55 : 1164 steps taken, and 327 accepted.
[2 : mcmc] Progress @ 2026-09-08 02:28:40 : 1205 steps taken, and 337 accepted.
[1 : mcmc] Progress @ 2026-09-08 02:28:40 : 1186 steps taken, and 333 accepted.
[0 : mcmc] Progress @ 2026-09-08 02:28:40 : 1171 steps taken, and 331 accepted.
[3 : mcmc] Progress @ 2026-09-08 02:29:00 : 1169 steps taken, and 327 accepted.
[2 : mcmc] Progress @ 2026-09-08 02:29:45 : 1210 steps taken, and 338 accepted.
[1 : mcmc] Progress @ 2026-09-08 02:29:46 : 1191 steps taken, and 336 accepted.
[0 : mcmc] Progress @ 2026-09-08 02:29:46 : 1176 steps taken, and 334 accepted.
[3 : mcmc] Progress @ 2026-09-08 02:30:06 : 1174 steps taken, and 327 accepted.
[2 : mcmc] Progress @ 2026-09-08 02:30:51 : 1215 steps taken, and 339 accepted.
[1 : mcmc] Progress @ 2026-09-08 02:30:52 : 1196 steps taken, and 338 accepted.
[0 : mcmc] Progress @ 2026-09-08 02:30:53 : 1181 steps taken, and 335 accepted.
[3 : mcmc] Progress @ 2026-09-08 02:31:12 : 1179 steps taken, and 327 accepted.
[2 : mcmc] Progress @ 2026-09-08 02:31:57 : 1220 steps taken, and 341 accepted.
[1 : mcmc] Progress @ 2026-09-08 02:31:58 : 1201 steps taken, and 338 accepted.
[0 : mcmc] Progress @ 2026-09-08 02:31:59 : 1186 steps taken, and 335 accepted.
[3 : mcmc] Progress @ 2026-09-08 02:32:18 : 1184 steps taken, and 328 accepted.
[2 : mcmc] Progress @ 2026-09-08 02:33:02 : 1225 steps taken, and 342 accepted.
[1 : mcmc] Progress @ 2026-09-08 02:33:04 : 1206 steps taken, and 338 accepted.
[0 : mcmc] Progress @ 2026-09-08 02:33:05 : 1191 steps taken, and 335 accepted.
[3 : mcmc] Progress @ 2026-09-08 02:33:23 : 1189 steps taken, and 328 accepted.
[2 : mcmc] Progress @ 2026-09-08 02:34:08 : 1230 steps taken, and 343 accepted.
[1 : mcmc] Progress @ 2026-09-08 02:34:10 : 1211 steps taken, and 339 accepted.
[0 : mcmc] Progress @ 2026-09-08 02:34:11 : 1196 steps taken, and 337 accepted.
[3 : mcmc] Progress @ 2026-09-08 02:34:28 : 1194 steps taken, and 330 accepted.
[2 : mcmc] Progress @ 2026-09-08 02:35:13 : 1235 steps taken, and 345 accepted.
[1 : mcmc] Progress @ 2026-09-08 02:35:15 : 1216 steps taken, and 340 accepted.
[0 : mcmc] Progress @ 2026-09-08 02:35:17 : 1201 steps taken, and 337 accepted.
[3 : mcmc] Progress @ 2026-09-08 02:35:34 : 1199 steps taken, and 330 accepted.
[2 : mcmc] Progress @ 2026-09-08 02:36:18 : 1240 steps taken, and 345 accepted.
[1 : mcmc] Progress @ 2026-09-08 02:36:21 : 1221 steps taken, and 340 accepted.
[0 : mcmc] Progress @ 2026-09-08 02:36:23 : 1206 steps taken, and 338 accepted.
[3 : mcmc] Progress @ 2026-09-08 02:36:40 : 1204 steps taken, and 331 accepted.
[2 : mcmc] Progress @ 2026-09-08 02:37:24 : 1245 steps taken, and 345 accepted.
[1 : mcmc] Progress @ 2026-09-08 02:37:27 : 1226 steps taken, and 342 accepted.
[0 : mcmc] Progress @ 2026-09-08 02:37:29 : 1211 steps taken, and 339 accepted.
[3 : mcmc] Progress @ 2026-09-08 02:37:45 : 1209 steps taken, and 332 accepted.
[2 : mcmc] Progress @ 2026-09-08 02:38:30 : 1250 steps taken, and 346 accepted.
[1 : mcmc] Progress @ 2026-09-08 02:38:33 : 1231 steps taken, and 343 accepted.
[0 : mcmc] Progress @ 2026-09-08 02:38:35 : 1216 steps taken, and 340 accepted.
[3 : mcmc] Progress @ 2026-09-08 02:38:51 : 1214 steps taken, and 334 accepted.
[2 : mcmc] Progress @ 2026-09-08 02:39:35 : 1255 steps taken, and 348 accepted.
[1 : mcmc] Progress @ 2026-09-08 02:39:39 : 1236 steps taken, and 345 accepted.
[0 : mcmc] Progress @ 2026-09-08 02:39:41 : 1221 steps taken, and 342 accepted.
[3 : mcmc] Progress @ 2026-09-08 02:39:56 : 1219 steps taken, and 335 accepted.
[2 : mcmc] Progress @ 2026-09-08 02:40:41 : 1260 steps taken, and 352 accepted.
[1 : mcmc] Progress @ 2026-09-08 02:40:44 : 1241 steps taken, and 346 accepted.
[0 : mcmc] Progress @ 2026-09-08 02:40:46 : 1226 steps taken, and 344 accepted.
[3 : mcmc] Progress @ 2026-09-08 02:41:02 : 1224 steps taken, and 335 accepted.
[2 : mcmc] Progress @ 2026-09-08 02:41:46 : 1265 steps taken, and 353 accepted.
[1 : mcmc] Progress @ 2026-09-08 02:41:50 : 1246 steps taken, and 347 accepted.
[0 : mcmc] Progress @ 2026-09-08 02:41:52 : 1231 steps taken, and 347 accepted.
[3 : mcmc] Progress @ 2026-09-08 02:42:07 : 1229 steps taken, and 339 accepted.
[2 : mcmc] Progress @ 2026-09-08 02:42:51 : 1270 steps taken, and 353 accepted.
[1 : mcmc] Progress @ 2026-09-08 02:42:56 : 1251 steps taken, and 350 accepted.
[0 : mcmc] Progress @ 2026-09-08 02:42:58 : 1236 steps taken, and 349 accepted.
[3 : mcmc] Progress @ 2026-09-08 02:43:13 : 1234 steps taken, and 342 accepted.
[2 : mcmc] Progress @ 2026-09-08 02:43:57 : 1275 steps taken, and 354 accepted.
[1 : mcmc] Progress @ 2026-09-08 02:44:02 : 1256 steps taken, and 350 accepted.
[0 : mcmc] Progress @ 2026-09-08 02:44:05 : 1241 steps taken, and 349 accepted.
[3 : mcmc] Progress @ 2026-09-08 02:44:19 : 1239 steps taken, and 344 accepted.
[2 : mcmc] Progress @ 2026-09-08 02:45:03 : 1280 steps taken, and 357 accepted.
[1 : mcmc] Progress @ 2026-09-08 02:45:08 : 1261 steps taken, and 352 accepted.
[0 : mcmc] Progress @ 2026-09-08 02:45:11 : 1246 steps taken, and 351 accepted.
[3 : mcmc] Progress @ 2026-09-08 02:45:24 : 1244 steps taken, and 346 accepted.
[2 : mcmc] Progress @ 2026-09-08 02:46:08 : 1285 steps taken, and 359 accepted.
[1 : mcmc] Progress @ 2026-09-08 02:46:14 : 1266 steps taken, and 353 accepted.
[0 : mcmc] Progress @ 2026-09-08 02:46:16 : 1251 steps taken, and 352 accepted.
[2 : mcmc] Learn + convergence test @ 360 samples accepted.
[2 : mcmc] Ready to check convergence and learn a new proposal covmat (waiting for the rest...)
[3 : mcmc] Progress @ 2026-09-08 02:46:30 : 1249 steps taken, and 346 accepted.
[2 : mcmc] Progress @ 2026-09-08 02:47:14 : 1290 steps taken, and 360 accepted.
[1 : mcmc] Progress @ 2026-09-08 02:47:19 : 1271 steps taken, and 354 accepted.
[0 : mcmc] Progress @ 2026-09-08 02:47:22 : 1256 steps taken, and 353 accepted.
[3 : mcmc] Progress @ 2026-09-08 02:47:35 : 1254 steps taken, and 347 accepted.
[2 : mcmc] Progress @ 2026-09-08 02:48:19 : 1295 steps taken, and 363 accepted.
[1 : mcmc] Progress @ 2026-09-08 02:48:25 : 1276 steps taken, and 355 accepted.
[0 : mcmc] Progress @ 2026-09-08 02:48:28 : 1261 steps taken, and 353 accepted.
[3 : mcmc] Progress @ 2026-09-08 02:48:41 : 1259 steps taken, and 350 accepted.
[2 : mcmc] Progress @ 2026-09-08 02:49:25 : 1300 steps taken, and 364 accepted.
[1 : mcmc] Progress @ 2026-09-08 02:49:31 : 1281 steps taken, and 356 accepted.
[0 : mcmc] Progress @ 2026-09-08 02:49:33 : 1266 steps taken, and 354 accepted.
[3 : mcmc] Progress @ 2026-09-08 02:49:47 : 1264 steps taken, and 351 accepted.
[2 : mcmc] Progress @ 2026-09-08 02:50:31 : 1305 steps taken, and 364 accepted.
[1 : mcmc] Progress @ 2026-09-08 02:50:37 : 1286 steps taken, and 356 accepted.
[0 : mcmc] Progress @ 2026-09-08 02:50:39 : 1271 steps taken, and 355 accepted.
[3 : mcmc] Progress @ 2026-09-08 02:50:52 : 1269 steps taken, and 351 accepted.
[2 : mcmc] Progress @ 2026-09-08 02:51:36 : 1310 steps taken, and 365 accepted.
[1 : mcmc] Progress @ 2026-09-08 02:51:42 : 1291 steps taken, and 358 accepted.
[0 : mcmc] Progress @ 2026-09-08 02:51:45 : 1276 steps taken, and 357 accepted.
[3 : mcmc] Progress @ 2026-09-08 02:51:58 : 1274 steps taken, and 353 accepted.
[2 : mcmc] Progress @ 2026-09-08 02:52:42 : 1315 steps taken, and 366 accepted.
[1 : mcmc] Progress @ 2026-09-08 02:52:48 : 1296 steps taken, and 358 accepted.
[0 : mcmc] Progress @ 2026-09-08 02:52:51 : 1281 steps taken, and 357 accepted.
[3 : mcmc] Progress @ 2026-09-08 02:53:03 : 1279 steps taken, and 354 accepted.
[2 : mcmc] Progress @ 2026-09-08 02:53:47 : 1320 steps taken, and 368 accepted.
[1 : mcmc] Progress @ 2026-09-08 02:53:54 : 1301 steps taken, and 359 accepted.
[0 : mcmc] Progress @ 2026-09-08 02:53:56 : 1286 steps taken, and 357 accepted.
[3 : mcmc] Progress @ 2026-09-08 02:54:09 : 1284 steps taken, and 355 accepted.
[1 : mcmc] Learn + convergence test @ 360 samples accepted.
[1 : mcmc] Ready to check convergence and learn a new proposal covmat (waiting for the rest...)
[2 : mcmc] Progress @ 2026-09-08 02:54:52 : 1325 steps taken, and 370 accepted.
[1 : mcmc] Progress @ 2026-09-08 02:55:00 : 1306 steps taken, and 360 accepted.
[0 : mcmc] Progress @ 2026-09-08 02:55:02 : 1291 steps taken, and 358 accepted.
[3 : mcmc] Progress @ 2026-09-08 02:55:15 : 1289 steps taken, and 356 accepted.
[0 : mcmc] Learn + convergence test @ 360 samples accepted.
[0 : mcmc] Ready to check convergence and learn a new proposal covmat (waiting for the rest...)
[2 : mcmc] Progress @ 2026-09-08 02:55:58 : 1330 steps taken, and 372 accepted.
[1 : mcmc] Progress @ 2026-09-08 02:56:05 : 1311 steps taken, and 360 accepted.
[0 : mcmc] Progress @ 2026-09-08 02:56:07 : 1296 steps taken, and 361 accepted.
[3 : mcmc] Progress @ 2026-09-08 02:56:20 : 1294 steps taken, and 359 accepted.
[2 : mcmc] Progress @ 2026-09-08 02:57:03 : 1335 steps taken, and 373 accepted.
[1 : mcmc] Progress @ 2026-09-08 02:57:11 : 1316 steps taken, and 360 accepted.
[0 : mcmc] Progress @ 2026-09-08 02:57:13 : 1301 steps taken, and 364 accepted.
[3 : mcmc] Progress @ 2026-09-08 02:57:26 : 1299 steps taken, and 360 accepted.
[3 : mcmc] Learn + convergence test @ 360 samples accepted.
[3 : mcmc] Ready to check convergence and learn a new proposal covmat (waiting for the rest...)
[1 : mcmc] Progress @ 2026-09-08 02:58:17 : 1321 steps taken, and 360 accepted.
[0 : mcmc] Progress @ 2026-09-08 02:58:19 : 1306 steps taken, and 365 accepted.
[1 : mcmc] Progress @ 2026-09-08 02:59:23 : 1326 steps taken, and 361 accepted.
[0 : mcmc] Progress @ 2026-09-08 02:59:25 : 1311 steps taken, and 365 accepted.
[0 : mcmc] All chains are ready to check convergence and learn a new proposal covmat
[0 : mcmc]  - Acceptance rate: 0.270 = avg([0.2909, 0.2567, 0.2693, 0.2616])
[0 : mcmc]  - Convergence of means: R-1 = 1.174907 after 1462 accepted steps = sum([366, 361, 375, 360])
[0 : mcmc]  - Updated covariance matrix of proposal pdf.
[3 : mcmc] Progress @ 2026-09-08 02:59:51 : 1300 steps taken, and 361 accepted.
[2 : mcmc] Progress @ 2026-09-08 02:59:51 : 1339 steps taken, and 375 accepted.
[1 : mcmc] Progress @ 2026-09-08 03:00:31 : 1330 steps taken, and 361 accepted.
[0 : mcmc] Progress @ 2026-09-08 03:00:31 : 1317 steps taken, and 367 accepted.
[3 : mcmc] Progress @ 2026-09-08 03:00:57 : 1308 steps taken, and 362 accepted.
[2 : mcmc] Progress @ 2026-09-08 03:00:58 : 1346 steps taken, and 378 accepted.
[1 : mcmc] Progress @ 2026-09-08 03:01:38 : 1335 steps taken, and 363 accepted.
[0 : mcmc] Progress @ 2026-09-08 03:01:38 : 1322 steps taken, and 369 accepted.
[3 : mcmc] Progress @ 2026-09-08 03:02:03 : 1314 steps taken, and 363 accepted.
[2 : mcmc] Progress @ 2026-09-08 03:02:04 : 1351 steps taken, and 379 accepted.
[1 : mcmc] Progress @ 2026-09-08 03:02:43 : 1340 steps taken, and 363 accepted.
[0 : mcmc] Progress @ 2026-09-08 03:02:44 : 1327 steps taken, and 371 accepted.
[3 : mcmc] Progress @ 2026-09-08 03:03:08 : 1320 steps taken, and 366 accepted.
[2 : mcmc] Progress @ 2026-09-08 03:03:09 : 1356 steps taken, and 379 accepted.
[1 : mcmc] Progress @ 2026-09-08 03:03:49 : 1346 steps taken, and 367 accepted.
[0 : mcmc] Progress @ 2026-09-08 03:03:50 : 1332 steps taken, and 372 accepted.
[3 : mcmc] Progress @ 2026-09-08 03:04:14 : 1325 steps taken, and 368 accepted.
[2 : mcmc] Progress @ 2026-09-08 03:04:14 : 1363 steps taken, and 381 accepted.
[1 : mcmc] Progress @ 2026-09-08 03:04:55 : 1353 steps taken, and 368 accepted.
[0 : mcmc] Progress @ 2026-09-08 03:04:56 : 1337 steps taken, and 373 accepted.
[3 : mcmc] Progress @ 2026-09-08 03:05:19 : 1333 steps taken, and 370 accepted.
[2 : mcmc] Progress @ 2026-09-08 03:05:20 : 1368 steps taken, and 383 accepted.
[1 : mcmc] Progress @ 2026-09-08 03:06:01 : 1359 steps taken, and 371 accepted.
[0 : mcmc] Progress @ 2026-09-08 03:06:02 : 1342 steps taken, and 375 accepted.
[3 : mcmc] Progress @ 2026-09-08 03:06:25 : 1340 steps taken, and 371 accepted.
[2 : mcmc] Progress @ 2026-09-08 03:06:25 : 1373 steps taken, and 384 accepted.
[1 : mcmc] Progress @ 2026-09-08 03:07:06 : 1365 steps taken, and 371 accepted.
[0 : mcmc] Progress @ 2026-09-08 03:07:08 : 1347 steps taken, and 377 accepted.
[3 : mcmc] Progress @ 2026-09-08 03:07:30 : 1345 steps taken, and 373 accepted.
[2 : mcmc] Progress @ 2026-09-08 03:07:30 : 1379 steps taken, and 385 accepted.
[1 : mcmc] Progress @ 2026-09-08 03:08:12 : 1371 steps taken, and 372 accepted.
[0 : mcmc] Progress @ 2026-09-08 03:08:14 : 1353 steps taken, and 379 accepted.
[3 : mcmc] Progress @ 2026-09-08 03:08:36 : 1351 steps taken, and 377 accepted.
[2 : mcmc] Progress @ 2026-09-08 03:08:36 : 1386 steps taken, and 386 accepted.
[1 : mcmc] Progress @ 2026-09-08 03:09:18 : 1376 steps taken, and 375 accepted.
[0 : mcmc] Progress @ 2026-09-08 03:09:20 : 1361 steps taken, and 380 accepted.
[2 : mcmc] Progress @ 2026-09-08 03:09:41 : 1391 steps taken, and 389 accepted.
[3 : mcmc] Progress @ 2026-09-08 03:09:41 : 1358 steps taken, and 378 accepted.
[1 : mcmc] Progress @ 2026-09-08 03:10:24 : 1381 steps taken, and 376 accepted.
[0 : mcmc] Progress @ 2026-09-08 03:10:26 : 1368 steps taken, and 381 accepted.
[2 : mcmc] Progress @ 2026-09-08 03:10:47 : 1396 steps taken, and 391 accepted.
[3 : mcmc] Progress @ 2026-09-08 03:10:47 : 1363 steps taken, and 381 accepted.
[1 : mcmc] Progress @ 2026-09-08 03:11:30 : 1387 steps taken, and 379 accepted.
[0 : mcmc] Progress @ 2026-09-08 03:11:32 : 1376 steps taken, and 383 accepted.
[2 : mcmc] Progress @ 2026-09-08 03:11:52 : 1401 steps taken, and 394 accepted.
[3 : mcmc] Progress @ 2026-09-08 03:11:53 : 1375 steps taken, and 384 accepted.
[1 : mcmc] Progress @ 2026-09-08 03:12:35 : 1393 steps taken, and 382 accepted.
[0 : mcmc] Progress @ 2026-09-08 03:12:38 : 1382 steps taken, and 384 accepted.
[2 : mcmc] Progress @ 2026-09-08 03:12:58 : 1407 steps taken, and 394 accepted.
[3 : mcmc] Progress @ 2026-09-08 03:12:59 : 1380 steps taken, and 386 accepted.
[1 : mcmc] Progress @ 2026-09-08 03:13:41 : 1398 steps taken, and 383 accepted.
[0 : mcmc] Progress @ 2026-09-08 03:13:44 : 1387 steps taken, and 386 accepted.
[2 : mcmc] Progress @ 2026-09-08 03:14:03 : 1412 steps taken, and 396 accepted.
[3 : mcmc] Progress @ 2026-09-08 03:14:04 : 1385 steps taken, and 389 accepted.
[1 : mcmc] Progress @ 2026-09-08 03:14:47 : 1403 steps taken, and 387 accepted.
[0 : mcmc] Progress @ 2026-09-08 03:14:50 : 1394 steps taken, and 387 accepted.
[2 : mcmc] Progress @ 2026-09-08 03:15:09 : 1417 steps taken, and 397 accepted.
[3 : mcmc] Progress @ 2026-09-08 03:15:10 : 1390 steps taken, and 392 accepted.
[1 : mcmc] Progress @ 2026-09-08 03:15:53 : 1410 steps taken, and 389 accepted.
[0 : mcmc] Progress @ 2026-09-08 03:15:56 : 1400 steps taken, and 388 accepted.
[2 : mcmc] Progress @ 2026-09-08 03:16:14 : 1422 steps taken, and 398 accepted.
[3 : mcmc] Progress @ 2026-09-08 03:16:15 : 1396 steps taken, and 396 accepted.
[1 : mcmc] Progress @ 2026-09-08 03:16:59 : 1416 steps taken, and 392 accepted.
[0 : mcmc] Progress @ 2026-09-08 03:17:02 : 1406 steps taken, and 388 accepted.
[2 : mcmc] Progress @ 2026-09-08 03:17:20 : 1427 steps taken, and 399 accepted.
[3 : mcmc] Progress @ 2026-09-08 03:17:21 : 1401 steps taken, and 398 accepted.
[1 : mcmc] Progress @ 2026-09-08 03:18:04 : 1422 steps taken, and 392 accepted.
[0 : mcmc] Progress @ 2026-09-08 03:18:08 : 1411 steps taken, and 391 accepted.
[2 : mcmc] Progress @ 2026-09-08 03:18:25 : 1433 steps taken, and 401 accepted.
[3 : mcmc] Progress @ 2026-09-08 03:18:27 : 1409 steps taken, and 398 accepted.
[1 : mcmc] Progress @ 2026-09-08 03:19:10 : 1427 steps taken, and 395 accepted.
[0 : mcmc] Progress @ 2026-09-08 03:19:14 : 1416 steps taken, and 392 accepted.
[2 : mcmc] Progress @ 2026-09-08 03:19:31 : 1438 steps taken, and 402 accepted.
[3 : mcmc] Progress @ 2026-09-08 03:19:32 : 1414 steps taken, and 400 accepted.
[1 : mcmc] Progress @ 2026-09-08 03:20:16 : 1432 steps taken, and 395 accepted.
[0 : mcmc] Progress @ 2026-09-08 03:20:20 : 1421 steps taken, and 395 accepted.
[2 : mcmc] Progress @ 2026-09-08 03:20:37 : 1443 steps taken, and 405 accepted.
[3 : mcmc] Progress @ 2026-09-08 03:20:38 : 1419 steps taken, and 402 accepted.
[1 : mcmc] Progress @ 2026-09-08 03:21:22 : 1437 steps taken, and 396 accepted.
[0 : mcmc] Progress @ 2026-09-08 03:21:26 : 1426 steps taken, and 396 accepted.
[2 : mcmc] Progress @ 2026-09-08 03:21:42 : 1448 steps taken, and 406 accepted.
[3 : mcmc] Progress @ 2026-09-08 03:21:43 : 1424 steps taken, and 404 accepted.
[1 : mcmc] Progress @ 2026-09-08 03:22:28 : 1442 steps taken, and 398 accepted.
[0 : mcmc] Progress @ 2026-09-08 03:22:32 : 1433 steps taken, and 399 accepted.
[2 : mcmc] Progress @ 2026-09-08 03:22:48 : 1454 steps taken, and 408 accepted.
[3 : mcmc] Progress @ 2026-09-08 03:22:48 : 1429 steps taken, and 405 accepted.
[1 : mcmc] Progress @ 2026-09-08 03:23:33 : 1447 steps taken, and 402 accepted.
[0 : mcmc] Progress @ 2026-09-08 03:23:37 : 1440 steps taken, and 400 accepted.
[2 : mcmc] Progress @ 2026-09-08 03:23:54 : 1459 steps taken, and 409 accepted.
[3 : mcmc] Progress @ 2026-09-08 03:23:54 : 1436 steps taken, and 405 accepted.
[1 : mcmc] Progress @ 2026-09-08 03:24:39 : 1453 steps taken, and 403 accepted.
[0 : mcmc] Progress @ 2026-09-08 03:24:43 : 1445 steps taken, and 401 accepted.
[3 : mcmc] Progress @ 2026-09-08 03:24:59 : 1441 steps taken, and 408 accepted.
[2 : mcmc] Progress @ 2026-09-08 03:25:00 : 1465 steps taken, and 409 accepted.
[1 : mcmc] Progress @ 2026-09-08 03:25:46 : 1458 steps taken, and 404 accepted.
[0 : mcmc] Progress @ 2026-09-08 03:25:50 : 1450 steps taken, and 403 accepted.
[3 : mcmc] Progress @ 2026-09-08 03:26:06 : 1448 steps taken, and 408 accepted.
[2 : mcmc] Progress @ 2026-09-08 03:26:06 : 1470 steps taken, and 411 accepted.
[1 : mcmc] Progress @ 2026-09-08 03:26:53 : 1464 steps taken, and 406 accepted.
[0 : mcmc] Progress @ 2026-09-08 03:26:57 : 1455 steps taken, and 406 accepted.
[3 : mcmc] Progress @ 2026-09-08 03:27:12 : 1453 steps taken, and 411 accepted.
[2 : mcmc] Progress @ 2026-09-08 03:27:13 : 1475 steps taken, and 412 accepted.
[1 : mcmc] Progress @ 2026-09-08 03:28:00 : 1469 steps taken, and 408 accepted.
[0 : mcmc] Progress @ 2026-09-08 03:28:03 : 1461 steps taken, and 407 accepted.
[3 : mcmc] Progress @ 2026-09-08 03:28:18 : 1460 steps taken, and 415 accepted.
[2 : mcmc] Progress @ 2026-09-08 03:28:19 : 1480 steps taken, and 413 accepted.
[1 : mcmc] Progress @ 2026-09-08 03:29:06 : 1474 steps taken, and 410 accepted.
[0 : mcmc] Progress @ 2026-09-08 03:29:10 : 1466 steps taken, and 408 accepted.
[3 : mcmc] Progress @ 2026-09-08 03:29:24 : 1467 steps taken, and 415 accepted.
[2 : mcmc] Progress @ 2026-09-08 03:29:26 : 1485 steps taken, and 414 accepted.
[1 : mcmc] Progress @ 2026-09-08 03:30:13 : 1479 steps taken, and 412 accepted.
[0 : mcmc] Progress @ 2026-09-08 03:30:17 : 1472 steps taken, and 409 accepted.
[3 : mcmc] Progress @ 2026-09-08 03:30:30 : 1473 steps taken, and 417 accepted.
[2 : mcmc] Progress @ 2026-09-08 03:30:32 : 1490 steps taken, and 415 accepted.
[1 : mcmc] Progress @ 2026-09-08 03:31:19 : 1484 steps taken, and 414 accepted.
[0 : mcmc] Progress @ 2026-09-08 03:31:24 : 1477 steps taken, and 411 accepted.
[3 : mcmc] Progress @ 2026-09-08 03:31:36 : 1479 steps taken, and 419 accepted.
[2 : mcmc] Progress @ 2026-09-08 03:31:38 : 1495 steps taken, and 416 accepted.
[1 : mcmc] Progress @ 2026-09-08 03:32:25 : 1489 steps taken, and 415 accepted.
[0 : mcmc] Progress @ 2026-09-08 03:32:30 : 1482 steps taken, and 412 accepted.
[3 : mcmc] Progress @ 2026-09-08 03:32:42 : 1485 steps taken, and 422 accepted.
[2 : mcmc] Progress @ 2026-09-08 03:32:44 : 1500 steps taken, and 417 accepted.
